,max_depth,sessions_count,sessions_typ_count
0,0,1240756,357
1,1,370330,405
2,2,215877,545
3,3,142197,591
4,4,103196,603
5,5,77384,528
6,6,59662,560
7,7,46850,529
8,8,38070,474
9,9,30588,482
10,10,25405,456
11,11,21175,412
12,12,17911,370
13,13,15501,412
14,14,12769,372
15,15,11237,318
16,16,9607,322
17,17,8517,278
18,18,7362,287
19,19,6661,263
20,20,5843,267
21,21,5375,281
22,22,4482,185
23,23,4120,233
24,24,3824,193
25,25,3443,199
26,26,3087,173
27,27,2817,188
28,28,2555,162
29,29,2341,145
30,30,2114,169
31,31,1979,131
32,32,1801,127
33,33,1640,116
34,34,1569,116
35,35,1450,127
36,36,1226,85
37,37,1259,104
38,38,1129,108
39,39,1058,78
40,40,926,64
41,41,964,105
42,42,844,81
43,43,761,70
44,44,767,84
45,45,750,81
46,46,711,76
47,47,649,73
48,48,623,62
49,49,593,60
50,50,512,61
51,51,512,57
52,52,469,37
53,53,484,40
54,54,426,50
55,55,395,32
56,56,402,50
57,57,377,39
58,58,390,42
59,59,331,35
60,60,328,44
61,61,332,38
62,62,307,36
63,63,294,41
64,64,275,28
65,65,265,34
66,66,278,32
67,67,223,21
68,68,257,37
69,69,206,26
70,70,211,17
71,71,195,18
72,72,204,28
73,73,179,19
74,74,171,19
75,75,174,31
76,76,183,19
77,77,154,14
78,78,157,18
79,79,140,21
80,80,162,19
81,81,149,19
82,82,132,7
83,83,134,19
84,84,128,11
85,85,125,14
86,86,126,6
87,87,122,12
88,88,126,11
89,89,113,17
90,90,109,10
91,91,97,15
92,92,116,15
93,93,103,16
94,94,101,7
95,95,100,13
96,96,95,10
97,97,108,16
98,98,97,13
99,99,77,11
100,100,92,7
101,101,76,12
102,102,86,7
103,103,84,4
104,104,79,13
105,105,81,3
106,106,81,8
107,107,75,6
108,108,92,11
109,109,72,3
110,110,61,5
111,111,65,5
112,112,71,13
113,113,77,9
114,114,70,6
115,115,60,5
116,116,59,6
117,117,65,8
118,118,64,10
119,119,58,9
120,120,64,7
121,121,58,9
122,122,50,2
123,123,61,9
124,124,60,8
125,125,47,2
126,126,41,7
127,127,62,3
128,128,59,4
129,129,49,4
130,130,50,4
131,131,50,7
132,132,55,6
133,133,47,2
134,134,57,2
135,135,57,7
136,136,46,7
137,137,35,3
138,138,45,3
139,139,40,6
140,140,49,4
141,141,44,8
142,142,44,2
143,143,31,4
144,144,49,1
145,145,45,3
146,146,37,6
147,147,37,5
148,148,49,5
149,149,26,3
150,150,42,4
151,151,37,7
152,152,37,3
153,153,32,2
154,154,40,4
155,155,37,2
156,156,32,2
157,157,33,6
158,158,37,5
159,159,37,2
160,160,32,2
161,161,30,3
162,162,29,3
163,163,20,1
164,164,29,3
165,165,31,4
166,166,40,2
167,167,23,3
168,168,34,7
169,169,26,1
170,170,27,2
171,171,33,4
172,172,33,6
173,173,30,5
174,174,32,2
175,175,30,3
176,176,34,3
177,177,22,5
178,178,28,3
179,179,35,2
180,180,24,3
181,181,24,3
182,182,22,2
183,183,26,3
184,184,23,0
185,185,20,1
186,186,28,7
187,187,31,3
188,188,25,2
189,189,25,2
190,190,21,2
191,191,24,2
192,192,32,2
193,193,17,1
194,194,17,1
195,195,22,3
196,196,18,1
197,197,27,5
198,198,24,1
199,199,28,3
200,200,22,3
201,201,19,2
202,202,23,3
203,203,19,1
204,204,23,1
205,205,22,1
206,206,19,4
207,207,18,2
208,208,19,0
209,209,14,2
210,210,13,0
211,211,23,1
212,212,21,2
213,213,20,1
214,214,20,2
215,215,28,3
216,216,12,2
217,217,20,1
218,218,11,1
219,219,29,0
220,220,21,1
221,221,15,3
222,222,19,2
223,223,16,1
224,224,18,1
225,225,22,1
226,226,24,4
227,227,25,3
228,228,20,4
229,229,20,0
230,230,19,1
231,231,15,2
232,232,16,2
233,233,12,3
234,234,16,2
235,235,19,2
236,236,14,0
237,237,12,1
238,238,19,2
239,239,20,0
240,240,19,2
241,241,16,2
242,242,18,2
243,243,16,1
244,244,20,3
245,245,20,2
246,246,16,1
247,247,20,1
248,248,16,1
249,249,18,2
250,250,27,2
251,251,19,1
252,252,11,0
253,253,19,2
254,254,13,0
255,255,10,0
256,256,19,3
257,257,14,1
258,258,16,1
259,259,14,2
260,260,19,3
261,261,14,3
262,262,10,0
263,263,7,0
264,264,11,1
265,265,13,2
266,266,11,1
267,267,16,2
268,268,17,3
269,269,11,0
270,270,16,3
271,271,14,2
272,272,16,1
273,273,18,0
274,274,21,2
275,275,8,2
276,276,13,3
277,277,21,2
278,278,7,0
279,279,14,1
280,280,11,0
281,281,12,2
282,282,18,4
283,283,14,3
284,284,13,2
285,285,7,0
286,286,5,1
287,287,17,1
288,288,17,1
289,289,13,3
290,290,9,1
291,291,10,1
292,292,16,0
293,293,14,1
294,294,15,0
295,295,16,1
296,296,15,1
297,297,11,0
298,298,10,3
299,299,7,1
300,300,12,3
301,301,22,1
302,302,13,2
303,303,12,1
304,304,14,0
305,305,7,0
306,306,16,2
307,307,9,0
308,308,15,1
309,309,16,1
310,310,9,0
311,311,10,0
312,312,13,0
313,313,10,1
314,314,7,1
315,315,11,0
316,316,13,0
317,317,11,1
318,318,11,0
319,319,10,1
320,320,8,0
321,321,13,0
322,322,10,1
323,323,13,2
324,324,16,2
325,325,11,1
326,326,14,1
327,327,13,1
328,328,8,1
329,329,13,1
330,330,13,0
331,331,6,2
332,332,14,1
333,333,12,4
334,334,8,1
335,335,10,2
336,336,5,0
337,337,7,1
338,338,11,1
339,339,13,1
340,340,9,1
341,341,5,1
342,342,13,1
343,343,10,1
344,344,7,2
345,345,11,1
346,346,10,0
347,347,13,0
348,348,8,0
349,349,11,1
350,350,14,0
351,351,12,2
352,352,12,0
353,353,8,1
354,354,7,1
355,355,10,1
356,356,13,1
357,357,6,1
358,358,3,0
359,359,13,1
360,360,2,0
361,361,8,1
362,362,5,0
363,363,5,0
364,364,10,0
365,365,12,0
366,366,15,1
367,367,7,1
368,368,12,1
369,369,9,1
370,370,9,1
371,371,4,0
372,372,8,1
373,373,9,1
374,374,15,2
375,375,16,3
376,376,13,2
377,377,17,2
378,378,4,0
379,379,5,0
380,380,5,0
381,381,11,2
382,382,7,0
383,383,11,0
384,384,7,1
385,385,9,0
386,386,9,1
387,387,7,0
388,388,11,3
389,389,6,0
390,390,6,0
391,391,4,0
392,392,6,0
393,393,4,0
394,394,5,0
395,395,10,1
396,396,7,2
397,397,13,2
398,398,13,0
399,399,7,0
400,400,4,0
401,401,9,1
402,402,15,1
403,403,8,1
404,404,9,1
405,405,11,0
406,406,12,2
407,407,8,0
408,408,10,3
409,409,7,0
410,410,4,2
411,411,6,1
412,412,9,0
413,413,6,1
414,414,8,1
415,415,7,1
416,416,13,0
417,417,5,0
418,418,4,0
419,419,9,2
420,420,3,0
421,421,2,0
422,422,2,0
423,423,7,0
424,424,6,0
425,425,6,0
426,426,4,0
427,427,12,1
428,428,11,0
429,429,8,0
430,430,5,0
431,431,8,0
432,432,10,1
433,433,6,1
434,434,7,0
435,435,9,0
436,436,8,1
437,437,4,0
438,438,6,0
439,439,8,1
440,440,7,0
441,441,7,3
442,442,8,0
443,443,9,0
444,444,5,1
445,445,4,0
446,446,11,1
447,447,4,0
448,448,6,0
449,449,5,0
450,450,7,0
451,451,7,0
452,452,10,0
453,453,5,0
454,454,11,1
455,455,11,0
456,456,9,1
457,457,8,0
458,458,6,3
459,459,8,0
460,460,2,0
461,461,4,1
462,462,5,0
463,463,7,1
464,464,3,0
465,465,7,0
466,466,8,0
467,467,8,1
468,468,5,1
469,469,4,1
470,470,6,1
471,471,7,0
472,472,6,0
473,473,5,1
474,474,10,2
475,475,5,0
476,476,8,1
477,477,4,2
478,478,4,1
479,479,6,2
480,480,11,2
481,481,7,2
482,482,5,0
483,483,11,2
484,484,6,0
485,485,5,1
486,486,7,1
487,487,8,1
488,488,4,0
489,489,3,0
490,490,8,0
491,491,9,1
492,492,11,1
493,493,5,0
494,494,1,0
495,495,9,0
496,496,6,0
497,497,8,0
498,498,9,2
499,499,7,1
500,500,7,0
501,501,2,0
502,502,1,1
503,503,6,1
504,504,9,1
505,505,8,0
506,506,4,0
507,507,6,0
508,508,5,0
509,509,6,0
510,510,2,1
511,511,5,0
512,512,5,0
513,513,8,1
514,514,7,0
515,515,4,0
516,516,7,0
517,517,9,0
518,518,6,1
519,519,6,0
520,520,3,0
521,521,7,0
522,522,5,0
523,523,6,0
524,524,4,1
525,525,5,0
526,526,6,1
527,527,8,0
528,528,6,0
529,529,5,0
530,530,6,1
531,531,5,2
532,532,6,2
533,533,4,0
534,534,6,0
535,535,4,0
536,536,3,0
537,537,10,1
538,538,2,0
539,539,8,1
540,540,7,2
541,541,9,0
542,542,7,1
543,543,7,0
544,544,8,1
545,545,11,1
546,546,11,1
547,547,6,2
548,548,7,0
549,549,8,0
550,550,6,1
551,551,8,1
552,552,3,0
553,553,4,0
554,554,2,1
555,555,5,1
556,556,4,1
557,557,3,0
558,558,8,0
559,559,3,1
560,560,5,0
561,561,3,0
562,562,4,1
563,563,5,0
564,564,3,0
565,565,10,2
566,566,2,0
567,567,4,0
568,568,7,1
569,569,6,2
570,570,3,0
571,571,7,1
572,572,4,0
573,573,4,0
574,574,8,1
575,575,6,0
576,576,2,0
577,577,6,1
578,578,10,2
579,579,4,0
580,580,3,1
581,581,9,0
582,582,7,2
583,583,6,1
584,584,5,0
585,585,5,1
586,586,4,0
587,587,4,0
588,588,7,0
589,589,4,0
590,590,1,0
591,591,2,0
592,592,5,0
593,593,1,0
594,594,1,0
595,595,3,0
596,596,5,1
597,597,6,1
598,598,3,1
599,599,9,0
600,600,5,1
601,601,3,1
602,602,5,0
603,603,8,0
604,604,8,0
605,605,6,1
606,606,2,0
607,607,6,0
608,608,6,0
609,609,7,0
610,610,3,0
611,611,10,3
612,612,3,0
613,613,3,1
614,614,2,1
615,615,4,0
616,616,5,1
617,617,4,1
618,618,3,0
619,619,3,0
620,620,6,1
621,621,4,0
622,622,2,0
623,623,9,0
624,624,8,0
625,625,6,1
626,626,7,0
627,627,4,0
628,628,4,0
629,629,4,0
630,630,5,1
631,631,3,0
632,632,6,1
633,633,8,0
634,634,5,2
635,635,7,2
636,636,5,1
637,637,3,1
638,638,2,0
639,639,9,1
640,640,5,1
641,641,6,0
642,642,3,1
643,643,6,1
644,644,3,0
645,645,2,0
646,646,4,0
647,647,6,1
648,648,9,2
649,649,4,0
650,650,3,0
651,651,3,0
652,652,8,0
653,653,1,0
654,655,2,0
655,656,3,0
656,657,6,0
657,658,4,2
658,659,4,1
659,660,3,0
660,661,8,1
661,662,1,0
662,663,11,2
663,664,5,0
664,665,2,0
665,666,5,1
666,667,7,2
667,668,2,0
668,669,2,0
669,670,2,0
670,671,5,0
671,672,2,0
672,673,3,0
673,674,5,0
674,675,2,0
675,676,5,0
676,677,5,0
677,678,2,0
678,679,7,0
679,680,1,0
680,681,2,0
681,682,2,0
682,683,3,1
683,684,4,1
684,685,4,0
685,686,3,0
686,687,3,0
687,688,4,0
688,689,6,0
689,690,2,0
690,691,4,0
691,692,4,0
692,693,6,1
693,694,5,0
694,695,2,0
695,696,2,0
696,697,6,1
697,698,5,0
698,699,5,0
699,700,4,0
700,701,4,1
701,702,3,0
702,703,4,0
703,704,5,1
704,705,5,1
705,706,3,0
706,707,3,0
707,708,3,1
708,709,2,0
709,710,5,0
710,711,2,0
711,712,3,0
712,713,8,1
713,714,2,1
714,715,3,0
715,716,7,3
716,717,4,1
717,718,4,0
718,719,3,0
719,721,6,1
720,722,1,0
721,723,6,1
722,724,1,0
723,725,3,0
724,726,10,0
725,727,7,1
726,728,7,1
727,729,3,0
728,730,1,0
729,731,3,0
730,732,4,1
731,733,6,1
732,734,3,0
733,735,5,1
734,736,1,0
735,737,3,0
736,738,3,0
737,739,1,0
738,740,4,0
739,742,3,1
740,743,7,2
741,744,7,1
742,745,7,2
743,746,3,0
744,747,5,0
745,748,5,0
746,749,2,0
747,750,2,0
748,751,2,0
749,752,4,1
750,753,3,0
751,754,3,1
752,755,2,0
753,756,3,1
754,757,5,0
755,758,4,0
756,760,3,1
757,761,6,2
758,762,9,1
759,763,3,1
760,764,6,3
761,765,3,0
762,766,4,0
763,767,4,2
764,768,3,0
765,769,3,0
766,770,2,0
767,771,3,1
768,772,3,1
769,773,2,0
770,774,2,0
771,775,3,0
772,776,5,0
773,777,4,1
774,778,3,0
775,779,1,0
776,780,1,0
777,781,6,0
778,782,3,1
779,783,3,1
780,784,2,2
781,785,3,0
782,786,1,0
783,787,6,1
784,788,1,0
785,789,4,0
786,790,4,0
787,791,1,0
788,793,5,0
789,794,2,0
790,795,3,0
791,796,2,0
792,797,6,1
793,798,2,0
794,799,2,1
795,800,4,0
796,801,4,0
797,802,8,0
798,803,4,1
799,804,1,0
800,805,5,0
801,806,3,0
802,807,5,2
803,808,2,0
804,809,3,1
805,810,2,0
806,811,3,0
807,812,2,0
808,813,2,0
809,814,2,0
810,815,4,0
811,816,6,0
812,817,1,0
813,818,1,0
814,819,4,0
815,820,3,0
816,821,4,0
817,822,2,0
818,823,2,1
819,824,3,0
820,825,1,1
821,826,5,1
822,827,4,0
823,828,2,1
824,829,2,0
825,830,1,0
826,831,4,0
827,832,2,0
828,833,3,1
829,834,3,1
830,836,3,0
831,837,1,0
832,838,6,0
833,839,1,0
834,840,3,0
835,841,2,0
836,842,5,0
837,843,3,0
838,844,3,1
839,846,2,0
840,847,2,1
841,848,1,0
842,849,4,0
843,850,2,0
844,851,3,0
845,853,4,0
846,855,2,0
847,857,2,0
848,858,3,1
849,859,3,0
850,860,4,1
851,861,3,1
852,862,1,0
853,863,4,0
854,864,1,0
855,865,2,0
856,866,2,0
857,867,3,0
858,868,2,1
859,869,4,0
860,870,3,0
861,871,3,0
862,872,2,2
863,873,1,0
864,874,6,1
865,875,9,1
866,876,7,0
867,877,3,0
868,878,1,0
869,879,6,1
870,880,1,0
871,881,3,0
872,882,2,0
873,883,3,1
874,884,2,0
875,885,3,0
876,886,5,0
877,887,2,1
878,888,2,0
879,889,4,0
880,890,6,0
881,891,3,0
882,892,1,0
883,893,2,1
884,894,3,1
885,895,4,0
886,896,4,0
887,898,2,0
888,900,4,0
889,901,2,2
890,902,7,2
891,903,3,1
892,904,1,0
893,905,3,1
894,906,3,0
895,907,4,0
896,908,1,1
897,910,2,0
898,911,4,1
899,912,2,0
900,913,2,0
901,914,5,1
902,915,3,0
903,916,4,1
904,917,2,0
905,918,1,0
906,919,2,0
907,921,5,1
908,922,3,0
909,923,2,0
910,924,1,1
911,925,3,1
912,926,4,0
913,927,1,0
914,928,1,0
915,929,3,0
916,930,1,0
917,931,4,1
918,932,3,1
919,933,2,0
920,934,4,1
921,935,3,0
922,936,4,0
923,937,3,1
924,938,4,1
925,939,1,0
926,940,3,0
927,941,3,0
928,942,3,0
929,943,1,0
930,944,2,0
931,945,3,0
932,946,3,1
933,947,1,1
934,948,5,1
935,949,2,1
936,950,1,0
937,952,3,0
938,953,2,0
939,954,4,1
940,955,2,0
941,956,4,0
942,957,5,0
943,958,2,1
944,959,1,0
945,961,3,0
946,962,1,0
947,964,3,1
948,965,3,1
949,966,1,1
950,967,2,0
951,968,3,0
952,969,1,0
953,970,2,0
954,971,3,1
955,972,3,0
956,973,3,0
957,974,2,1
958,975,3,0
959,976,2,0
960,977,1,0
961,978,1,0
962,979,5,0
963,980,1,0
964,981,2,0
965,982,2,0
966,983,1,0
967,984,1,0
968,985,1,0
969,986,1,0
970,987,2,0
971,988,2,0
972,989,3,1
973,990,6,0
974,991,3,0
975,992,2,0
976,993,2,0
977,994,2,0
978,995,2,1
979,996,2,0
980,997,2,0
981,998,2,0
982,999,1,0
983,1000,4,0
984,1001,1,0
985,1002,3,0
986,1003,2,0
987,1004,2,0
988,1005,1,0
989,1006,5,1
990,1007,2,0
991,1008,4,0
992,1009,1,0
993,1010,4,0
994,1011,2,0
995,1012,2,0
996,1013,1,1
997,1015,4,0
998,1016,1,0
999,1017,2,0
1000,1018,3,1
1001,1019,4,0
1002,1020,2,1
1003,1023,3,1
1004,1024,3,0
1005,1025,2,0
1006,1026,1,0
1007,1027,3,0
1008,1028,4,0
1009,1029,7,1
1010,1030,4,0
1011,1031,3,0
1012,1032,1,0
1013,1033,2,0
1014,1034,2,0
1015,1035,1,0
1016,1036,3,1
1017,1037,1,0
1018,1039,5,0
1019,1040,4,0
1020,1041,1,0
1021,1042,1,0
1022,1043,2,0
1023,1044,1,0
1024,1046,2,1
1025,1047,1,0
1026,1048,6,0
1027,1049,2,1
1028,1051,1,1
1029,1052,1,0
1030,1053,1,0
1031,1055,3,0
1032,1056,1,0
1033,1057,1,0
1034,1059,3,0
1035,1060,2,0
1036,1062,3,0
1037,1063,1,1
1038,1064,2,1
1039,1065,2,0
1040,1066,1,1
1041,1067,2,0
1042,1068,3,0
1043,1069,2,0
1044,1070,2,0
1045,1071,1,0
1046,1072,4,0
1047,1073,2,0
1048,1074,2,0
1049,1075,3,0
1050,1077,2,0
1051,1080,2,0
1052,1081,1,0
1053,1082,2,0
1054,1083,1,0
1055,1084,3,0
1056,1085,3,0
1057,1086,4,1
1058,1088,4,1
1059,1089,1,1
1060,1090,1,0
1061,1091,3,0
1062,1092,2,0
1063,1093,1,0
1064,1094,4,0
1065,1095,1,0
1066,1096,3,0
1067,1098,6,1
1068,1100,2,1
1069,1103,1,0
1070,1104,3,0
1071,1105,1,0
1072,1106,3,0
1073,1107,5,1
1074,1109,1,0
1075,1110,3,0
1076,1112,1,0
1077,1114,2,0
1078,1115,2,0
1079,1116,3,0
1080,1117,3,0
1081,1118,1,0
1082,1119,6,0
1083,1120,1,0
1084,1122,2,0
1085,1123,2,0
1086,1125,1,0
1087,1126,1,1
1088,1127,1,0
1089,1128,1,0
1090,1130,1,0
1091,1131,5,0
1092,1132,1,0
1093,1133,1,0
1094,1134,1,0
1095,1135,2,0
1096,1136,3,0
1097,1137,1,0
1098,1138,1,0
1099,1139,1,0
1100,1140,3,0
1101,1141,1,0
1102,1143,3,1
1103,1144,1,0
1104,1145,1,0
1105,1147,1,0
1106,1148,2,0
1107,1149,3,0
1108,1151,1,1
1109,1152,4,1
1110,1153,4,0
1111,1154,4,0
1112,1155,3,0
1113,1156,1,0
1114,1157,2,0
1115,1158,1,0
1116,1159,2,0
1117,1160,3,0
1118,1161,3,0
1119,1162,1,0
1120,1164,3,0
1121,1165,3,1
1122,1166,3,0
1123,1167,2,0
1124,1168,2,1
1125,1169,2,0
1126,1171,1,0
1127,1172,1,0
1128,1173,5,0
1129,1174,3,1
1130,1175,1,0
1131,1176,2,1
1132,1177,1,0
1133,1178,2,1
1134,1179,2,0
1135,1180,3,0
1136,1182,1,1
1137,1184,2,0
1138,1185,2,0
1139,1186,2,0
1140,1187,3,0
1141,1189,1,0
1142,1190,1,1
1143,1191,4,0
1144,1192,3,0
1145,1193,1,0
1146,1194,1,0
1147,1195,5,1
1148,1198,1,0
1149,1199,2,0
1150,1201,1,1
1151,1202,1,0
1152,1203,2,0
1153,1204,1,0
1154,1205,1,0
1155,1206,2,1
1156,1207,1,0
1157,1209,1,0
1158,1210,3,0
1159,1211,3,1
1160,1212,1,0
1161,1214,1,0
1162,1215,1,0
1163,1216,2,0
1164,1217,4,0
1165,1219,1,0
1166,1220,2,1
1167,1221,4,0
1168,1222,1,0
1169,1223,2,0
1170,1224,2,0
1171,1225,1,0
1172,1226,1,0
1173,1227,2,0
1174,1228,1,0
1175,1229,2,0
1176,1230,1,0
1177,1231,5,2
1178,1232,5,1
1179,1233,1,0
1180,1234,4,1
1181,1235,1,0
1182,1237,2,0
1183,1238,2,0
1184,1239,1,0
1185,1240,3,0
1186,1241,3,2
1187,1242,6,1
1188,1243,4,0
1189,1244,3,0
1190,1245,1,0
1191,1246,3,1
1192,1248,2,0
1193,1249,3,0
1194,1251,1,0
1195,1252,1,0
1196,1255,3,0
1197,1256,3,1
1198,1257,2,0
1199,1259,3,0
1200,1260,1,0
1201,1262,1,1
1202,1263,2,0
1203,1264,3,0
1204,1265,3,1
1205,1266,1,1
1206,1267,2,0
1207,1268,1,0
1208,1270,1,0
1209,1271,1,0
1210,1272,1,0
1211,1273,3,0
1212,1274,2,0
1213,1275,3,0
1214,1276,1,0
1215,1277,2,0
1216,1278,1,0
1217,1279,4,0
1218,1280,1,0
1219,1281,1,0
1220,1282,3,0
1221,1283,1,0
1222,1284,1,0
1223,1285,1,0
1224,1287,1,0
1225,1288,1,0
1226,1289,2,0
1227,1290,4,2
1228,1291,2,1
1229,1292,1,0
1230,1293,2,0
1231,1294,3,1
1232,1295,3,0
1233,1296,1,0
1234,1297,1,0
1235,1298,3,0
1236,1299,1,0
1237,1302,4,1
1238,1303,4,0
1239,1304,1,1
1240,1306,1,0
1241,1308,4,0
1242,1309,2,0
1243,1310,1,0
1244,1311,2,0
1245,1312,3,0
1246,1313,4,0
1247,1314,1,0
1248,1316,1,0
1249,1317,1,0
1250,1318,2,0
1251,1319,1,0
1252,1320,1,0
1253,1321,1,0
1254,1322,5,0
1255,1324,2,0
1256,1325,3,0
1257,1326,1,0
1258,1327,1,0
1259,1328,3,1
1260,1330,2,1
1261,1331,2,0
1262,1333,4,0
1263,1334,2,2
1264,1335,2,0
1265,1336,3,0
1266,1337,2,0
1267,1338,2,0
1268,1339,1,0
1269,1340,3,0
1270,1341,4,0
1271,1342,2,0
1272,1343,1,0
1273,1344,1,0
1274,1345,3,0
1275,1346,1,0
1276,1347,3,0
1277,1348,2,0
1278,1349,1,0
1279,1350,3,0
1280,1351,1,0
1281,1352,2,0
1282,1353,2,0
1283,1354,2,0
1284,1355,1,0
1285,1356,3,1
1286,1357,4,0
1287,1359,1,0
1288,1360,3,0
1289,1361,1,0
1290,1362,1,0
1291,1363,3,0
1292,1364,3,0
1293,1365,1,0
1294,1366,1,0
1295,1371,1,0
1296,1372,2,0
1297,1373,2,1
1298,1374,3,1
1299,1375,1,0
1300,1376,2,0
1301,1377,4,0
1302,1378,2,0
1303,1379,1,0
1304,1380,3,0
1305,1381,2,0
1306,1382,2,0
1307,1384,4,0
1308,1385,3,0
1309,1388,1,1
1310,1389,2,0
1311,1390,1,1
1312,1391,3,0
1313,1394,1,0
1314,1398,2,1
1315,1399,3,0
1316,1400,2,0
1317,1401,1,1
1318,1405,1,0
1319,1406,1,0
1320,1407,5,1
1321,1408,4,0
1322,1409,3,1
1323,1410,4,0
1324,1411,2,0
1325,1412,2,0
1326,1413,2,0
1327,1414,2,1
1328,1415,1,1
1329,1416,2,0
1330,1417,1,0
1331,1418,3,0
1332,1419,1,0
1333,1420,1,0
1334,1421,2,0
1335,1422,5,1
1336,1423,4,1
1337,1427,4,1
1338,1428,1,0
1339,1429,1,0
1340,1430,2,0
1341,1431,2,0
1342,1432,1,0
1343,1433,1,0
1344,1434,3,1
1345,1435,1,0
1346,1437,2,0
1347,1438,1,0
1348,1439,1,0
1349,1441,1,0
1350,1442,1,0
1351,1444,1,0
1352,1445,1,1
1353,1446,2,1
1354,1447,2,0
1355,1450,2,1
1356,1453,1,0
1357,1454,2,1
1358,1456,3,0
1359,1457,2,0
1360,1458,1,0
1361,1459,2,1
1362,1460,2,0
1363,1461,2,0
1364,1463,1,0
1365,1466,1,0
1366,1467,4,1
1367,1468,1,0
1368,1470,3,0
1369,1473,1,0
1370,1474,2,0
1371,1475,1,0
1372,1476,1,1
1373,1478,1,0
1374,1479,2,1
1375,1480,2,0
1376,1482,4,0
1377,1485,1,0
1378,1486,1,0
1379,1488,4,0
1380,1490,1,0
1381,1492,2,0
1382,1493,2,0
1383,1494,2,0
1384,1495,2,0
1385,1497,2,1
1386,1498,2,1
1387,1499,1,0
1388,1500,1,0
1389,1501,1,0
1390,1502,1,0
1391,1503,4,0
1392,1504,1,1
1393,1505,1,0
1394,1506,1,0
1395,1508,2,0
1396,1509,1,0
1397,1510,1,0
1398,1512,1,0
1399,1514,1,0
1400,1515,2,1
1401,1517,1,0
1402,1518,1,0
1403,1520,4,0
1404,1521,3,1
1405,1522,2,0
1406,1523,2,0
1407,1525,1,0
1408,1528,4,0
1409,1529,1,1
1410,1531,2,0
1411,1532,1,0
1412,1533,2,0
1413,1534,1,0
1414,1536,2,0
1415,1539,1,0
1416,1540,2,1
1417,1541,1,0
1418,1543,3,1
1419,1544,2,0
1420,1545,1,0
1421,1546,2,0
1422,1547,2,0
1423,1552,2,0
1424,1553,1,0
1425,1555,1,0
1426,1556,2,0
1427,1558,1,0
1428,1560,1,0
1429,1561,2,0
1430,1562,1,0
1431,1563,2,0
1432,1566,1,1
1433,1568,1,0
1434,1569,1,0
1435,1572,3,0
1436,1573,4,0
1437,1575,2,1
1438,1577,2,1
1439,1578,1,0
1440,1580,1,1
1441,1581,1,0
1442,1582,2,0
1443,1583,2,0
1444,1584,3,0
1445,1585,1,0
1446,1586,1,0
1447,1589,1,0
1448,1590,1,0
1449,1591,2,1
1450,1592,1,0
1451,1593,3,1
1452,1594,3,1
1453,1598,4,1
1454,1599,3,0
1455,1600,2,2
1456,1601,3,1
1457,1602,2,2
1458,1603,1,0
1459,1604,1,0
1460,1606,1,0
1461,1607,3,0
1462,1609,4,0
1463,1611,1,0
1464,1612,1,0
1465,1613,1,0
1466,1615,1,0
1467,1616,5,1
1468,1617,1,0
1469,1618,1,0
1470,1620,2,0
1471,1621,2,0
1472,1622,2,1
1473,1623,1,0
1474,1624,2,1
1475,1625,1,0
1476,1626,2,0
1477,1627,3,0
1478,1628,2,0
1479,1629,2,0
1480,1631,1,1
1481,1632,4,1
1482,1633,2,0
1483,1634,1,0
1484,1637,1,0
1485,1639,3,0
1486,1641,1,0
1487,1642,2,0
1488,1643,4,0
1489,1645,3,0
1490,1646,1,1
1491,1649,2,0
1492,1652,3,0
1493,1653,1,0
1494,1655,3,0
1495,1656,1,0
1496,1658,1,0
1497,1659,1,0
1498,1663,1,0
1499,1664,1,0
1500,1667,2,0
1501,1668,1,0
1502,1669,1,0
1503,1670,2,1
1504,1671,1,0
1505,1672,1,0
1506,1673,1,0
1507,1674,1,0
1508,1676,4,0
1509,1679,1,0
1510,1680,1,0
1511,1681,1,0
1512,1684,1,0
1513,1686,1,0
1514,1687,1,0
1515,1688,1,0
1516,1689,2,0
1517,1690,3,0
1518,1692,1,0
1519,1693,1,0
1520,1695,1,0
1521,1696,1,0
1522,1697,1,0
1523,1698,1,0
1524,1700,1,0
1525,1705,5,0
1526,1706,2,0
1527,1707,1,0
1528,1710,1,0
1529,1712,2,0
1530,1713,1,0
1531,1715,1,0
1532,1717,1,0
1533,1718,1,0
1534,1719,1,0
1535,1720,1,0
1536,1722,2,0
1537,1723,3,0
1538,1724,2,0
1539,1725,1,0
1540,1726,1,0
1541,1727,1,0
1542,1730,2,0
1543,1731,1,0
1544,1732,2,0
1545,1733,2,0
1546,1734,1,0
1547,1735,2,1
1548,1736,1,0
1549,1737,1,0
1550,1739,1,0
1551,1741,4,0
1552,1742,2,0
1553,1743,4,0
1554,1744,1,0
1555,1745,1,0
1556,1746,1,0
1557,1747,1,0
1558,1748,1,0
1559,1749,1,0
1560,1750,3,0
1561,1753,1,0
1562,1755,2,0
1563,1756,2,1
1564,1758,2,0
1565,1759,1,0
1566,1762,1,0
1567,1763,2,0
1568,1764,1,0
1569,1765,1,0
1570,1766,1,0
1571,1767,1,0
1572,1768,1,0
1573,1769,2,0
1574,1771,1,1
1575,1772,2,0
1576,1773,1,0
1577,1776,1,0
1578,1777,2,0
1579,1778,2,0
1580,1780,2,0
1581,1782,2,1
1582,1783,2,0
1583,1784,1,1
1584,1788,1,1
1585,1789,1,0
1586,1791,2,0
1587,1792,1,0
1588,1793,1,0
1589,1794,1,0
1590,1795,1,0
1591,1796,1,0
1592,1797,2,0
1593,1800,1,0
1594,1804,2,0
1595,1805,1,0
1596,1806,3,0
1597,1807,2,0
1598,1808,2,0
1599,1810,2,0
1600,1811,1,0
1601,1812,2,0
1602,1814,3,0
1603,1815,1,0
1604,1816,1,0
1605,1817,1,0
1606,1818,1,0
1607,1819,1,0
1608,1820,1,0
1609,1821,1,1
1610,1824,1,0
1611,1825,1,0
1612,1827,2,0
1613,1828,1,0
1614,1829,2,0
1615,1830,2,1
1616,1831,1,1
1617,1832,2,0
1618,1834,2,1
1619,1836,1,0
1620,1838,2,0
1621,1839,1,0
1622,1842,1,0
1623,1843,1,0
1624,1845,1,0
1625,1846,1,0
1626,1847,1,0
1627,1849,1,0
1628,1850,2,0
1629,1852,1,0
1630,1854,2,1
1631,1856,2,0
1632,1857,1,1
1633,1861,2,0
1634,1862,3,1
1635,1863,1,0
1636,1864,2,0
1637,1865,2,1
1638,1866,2,1
1639,1867,1,0
1640,1869,2,0
1641,1870,1,0
1642,1871,2,0
1643,1872,1,0
1644,1874,1,0
1645,1875,1,1
1646,1877,1,0
1647,1879,1,0
1648,1880,1,1
1649,1883,1,0
1650,1887,1,0
1651,1888,1,0
1652,1889,1,1
1653,1890,1,0
1654,1897,1,0
1655,1898,1,0
1656,1901,1,0
1657,1902,1,0
1658,1903,3,1
1659,1904,1,0
1660,1908,1,0
1661,1910,2,1
1662,1911,3,0
1663,1912,1,0
1664,1913,1,0
1665,1914,1,0
1666,1915,2,0
1667,1917,2,0
1668,1918,1,0
1669,1919,1,0
1670,1920,1,0
1671,1921,2,1
1672,1922,1,0
1673,1924,2,0
1674,1925,3,0
1675,1927,2,0
1676,1928,1,0
1677,1929,2,0
1678,1932,2,0
1679,1933,2,0
1680,1935,1,0
1681,1936,3,0
1682,1940,3,0
1683,1942,1,0
1684,1943,3,0
1685,1945,1,0
1686,1947,1,0
1687,1948,1,0
1688,1950,2,0
1689,1956,1,0
1690,1957,1,0
1691,1958,1,0
1692,1961,2,0
1693,1962,3,0
1694,1963,1,0
1695,1964,2,0
1696,1966,1,0
1697,1967,1,0
1698,1968,2,0
1699,1978,1,1
1700,1980,3,0
1701,1986,1,0
1702,1988,1,0
1703,1991,1,0
1704,1992,1,0
1705,1994,1,1
1706,1995,1,0
1707,1999,1,0
1708,2001,2,0
1709,2002,1,0
1710,2006,3,0
1711,2007,2,0
1712,2008,1,0
1713,2010,1,0
1714,2011,1,0
1715,2012,1,0
1716,2014,1,0
1717,2015,3,0
1718,2018,1,0
1719,2021,1,0
1720,2022,2,0
1721,2025,1,0
1722,2031,1,0
1723,2032,2,0
1724,2036,2,0
1725,2037,1,1
1726,2038,1,0
1727,2040,3,0
1728,2042,2,0
1729,2043,2,0
1730,2044,1,0
1731,2045,2,0
1732,2050,1,0
1733,2051,3,0
1734,2052,1,0
1735,2053,1,0
1736,2055,1,0
1737,2056,2,0
1738,2057,1,0
1739,2058,2,0
1740,2060,1,0
1741,2061,2,0
1742,2064,1,0
1743,2068,1,0
1744,2069,2,1
1745,2071,1,0
1746,2072,1,0
1747,2076,1,0
1748,2078,1,0
1749,2080,1,0
1750,2081,4,0
1751,2084,1,0
1752,2085,2,2
1753,2086,4,0
1754,2087,1,1
1755,2088,3,0
1756,2089,1,0
1757,2090,1,0
1758,2091,3,0
1759,2092,1,0
1760,2093,2,0
1761,2094,1,0
1762,2096,1,0
1763,2097,2,0
1764,2098,1,0
1765,2099,2,0
1766,2100,2,1
1767,2101,1,0
1768,2102,1,0
1769,2104,1,0
1770,2105,1,0
1771,2107,1,0
1772,2108,1,0
1773,2109,1,0
1774,2110,1,0
1775,2113,4,1
1776,2115,3,1
1777,2117,2,0
1778,2118,2,0
1779,2121,3,2
1780,2123,1,0
1781,2127,1,0
1782,2128,2,0
1783,2129,3,0
1784,2130,1,1
1785,2131,3,0
1786,2133,1,0
1787,2134,3,0
1788,2136,2,0
1789,2138,1,0
1790,2139,1,0
1791,2141,1,0
1792,2142,1,0
1793,2144,2,0
1794,2145,2,0
1795,2148,1,0
1796,2149,1,0
1797,2155,3,0
1798,2156,1,0
1799,2159,1,0
1800,2160,1,0
1801,2163,3,1
1802,2165,1,0
1803,2171,1,0
1804,2172,2,0
1805,2175,2,1
1806,2176,1,0
1807,2177,1,1
1808,2179,1,0
1809,2180,1,0
1810,2183,1,0
1811,2184,1,0
1812,2185,2,1
1813,2188,2,0
1814,2189,1,0
1815,2190,1,0
1816,2193,2,0
1817,2194,1,0
1818,2195,1,1
1819,2197,1,0
1820,2198,1,0
1821,2199,1,0
1822,2200,1,0
1823,2201,1,0
1824,2205,2,0
1825,2206,1,0
1826,2211,3,0
1827,2212,1,0
1828,2214,1,0
1829,2215,1,0
1830,2216,1,0
1831,2217,1,1
1832,2219,2,0
1833,2220,2,0
1834,2222,1,0
1835,2224,3,0
1836,2225,1,1
1837,2227,1,0
1838,2229,1,0
1839,2230,2,0
1840,2231,1,0
1841,2232,2,1
1842,2233,2,0
1843,2234,1,0
1844,2235,1,0
1845,2238,1,0
1846,2240,3,0
1847,2242,1,1
1848,2243,1,0
1849,2244,2,0
1850,2246,1,0
1851,2247,1,0
1852,2248,1,0
1853,2249,3,0
1854,2252,1,0
1855,2255,1,0
1856,2256,1,0
1857,2258,1,0
1858,2259,1,0
1859,2262,1,0
1860,2263,1,0
1861,2264,1,0
1862,2267,1,1
1863,2270,2,0
1864,2274,1,0
1865,2275,2,0
1866,2276,1,1
1867,2278,1,0
1868,2279,1,0
1869,2280,1,0
1870,2281,1,0
1871,2282,1,0
1872,2283,1,0
1873,2284,2,0
1874,2285,2,0
1875,2286,2,0
1876,2288,1,0
1877,2289,1,0
1878,2290,1,0
1879,2294,2,0
1880,2295,2,0
1881,2296,1,0
1882,2303,1,0
1883,2306,1,0
1884,2309,2,0
1885,2310,1,0
1886,2313,1,0
1887,2314,1,0
1888,2315,1,0
1889,2316,1,0
1890,2317,2,0
1891,2318,1,0
1892,2319,4,0
1893,2322,2,0
1894,2323,1,0
1895,2328,2,0
1896,2329,1,0
1897,2331,1,0
1898,2334,2,0
1899,2336,1,0
1900,2337,1,0
1901,2339,1,0
1902,2340,2,0
1903,2341,1,0
1904,2344,1,0
1905,2345,2,0
1906,2346,1,0
1907,2347,1,0
1908,2350,2,0
1909,2354,2,0
1910,2356,1,0
1911,2358,1,0
1912,2359,2,0
1913,2360,2,0
1914,2362,1,0
1915,2364,1,0
1916,2366,2,0
1917,2368,1,0
1918,2372,1,0
1919,2376,3,0
1920,2380,1,0
1921,2382,1,0
1922,2387,1,0
1923,2388,2,0
1924,2389,2,0
1925,2390,2,0
1926,2391,1,0
1927,2392,1,0
1928,2393,1,0
1929,2394,1,1
1930,2395,4,0
1931,2396,1,0
1932,2397,1,0
1933,2398,1,0
1934,2400,1,0
1935,2403,1,0
1936,2405,1,0
1937,2406,2,0
1938,2407,1,0
1939,2408,1,0
1940,2412,1,1
1941,2413,1,0
1942,2417,1,0
1943,2421,1,1
1944,2423,1,0
1945,2424,1,0
1946,2427,1,0
1947,2430,1,0
1948,2431,2,0
1949,2432,1,0
1950,2433,3,0
1951,2434,3,1
1952,2435,1,0
1953,2436,1,0
1954,2437,2,0
1955,2443,1,0
1956,2446,1,1
1957,2448,3,1
1958,2451,1,0
1959,2453,1,0
1960,2454,1,0
1961,2455,1,0
1962,2457,1,0
1963,2458,2,0
1964,2460,1,0
1965,2465,1,0
1966,2468,2,1
1967,2475,2,0
1968,2476,1,0
1969,2477,1,1
1970,2478,1,0
1971,2479,2,0
1972,2480,2,0
1973,2481,1,1
1974,2482,1,0
1975,2486,1,0
1976,2489,1,1
1977,2492,2,0
1978,2493,1,0
1979,2494,1,0
1980,2497,1,1
1981,2500,1,0
1982,2504,1,0
1983,2505,1,0
1984,2506,1,0
1985,2507,1,0
1986,2509,1,0
1987,2511,2,0
1988,2512,1,0
1989,2514,1,0
1990,2515,1,0
1991,2518,1,0
1992,2519,1,0
1993,2521,1,0
1994,2522,1,0
1995,2523,2,0
1996,2525,1,0
1997,2528,2,0
1998,2531,1,0
1999,2532,1,0
2000,2533,1,0
2001,2535,1,0
2002,2541,1,0
2003,2542,1,0
2004,2544,1,0
2005,2546,2,1
2006,2551,1,0
2007,2552,2,1
2008,2554,1,0
2009,2558,2,0
2010,2559,2,0
2011,2560,1,0
2012,2562,1,0
2013,2577,1,0
2014,2579,1,0
2015,2580,2,0
2016,2584,1,0
2017,2586,1,0
2018,2588,1,1
2019,2589,2,0
2020,2590,1,1
2021,2599,1,0
2022,2601,1,0
2023,2602,1,0
2024,2603,1,0
2025,2604,1,0
2026,2609,1,0
2027,2615,2,1
2028,2617,1,0
2029,2620,1,0
2030,2624,1,0
2031,2625,1,0
2032,2629,1,0
2033,2630,1,0
2034,2631,1,0
2035,2632,1,0
2036,2633,1,0
2037,2634,1,0
2038,2641,2,0
2039,2643,1,0
2040,2645,1,0
2041,2646,2,1
2042,2650,3,0
2043,2651,1,0
2044,2653,1,0
2045,2656,1,0
2046,2658,3,0
2047,2661,2,1
2048,2663,1,0
2049,2669,1,0
2050,2675,1,0
2051,2681,1,0
2052,2682,1,0
2053,2683,1,0
2054,2684,2,0
2055,2685,1,0
2056,2686,2,0
2057,2687,1,0
2058,2689,1,0
2059,2691,2,0
2060,2692,2,0
2061,2693,1,0
2062,2694,1,0
2063,2697,2,0
2064,2700,2,0
2065,2703,1,0
2066,2704,3,1
2067,2706,1,0
2068,2708,2,1
2069,2710,1,0
2070,2713,2,0
2071,2714,1,0
2072,2715,1,0
2073,2717,1,0
2074,2721,1,0
2075,2724,2,0
2076,2725,2,0
2077,2726,2,0
2078,2736,1,0
2079,2737,2,0
2080,2741,1,0
2081,2742,1,0
2082,2743,3,0
2083,2746,2,0
2084,2747,1,0
2085,2748,1,0
2086,2749,1,0
2087,2750,1,0
2088,2754,1,0
2089,2756,2,0
2090,2758,1,1
2091,2759,1,0
2092,2760,1,0
2093,2761,1,0
2094,2763,1,0
2095,2769,1,0
2096,2771,2,0
2097,2772,1,0
2098,2773,1,0
2099,2774,1,0
2100,2780,1,0
2101,2781,1,0
2102,2782,1,0
2103,2784,1,0
2104,2785,1,0
2105,2789,1,0
2106,2790,1,0
2107,2797,1,0
2108,2798,1,0
2109,2800,1,0
2110,2803,1,0
2111,2804,1,1
2112,2805,1,0
2113,2807,1,0
2114,2808,1,0
2115,2810,1,0
2116,2811,1,1
2117,2816,1,0
2118,2817,1,0
2119,2818,1,0
2120,2819,1,0
2121,2820,2,0
2122,2821,1,0
2123,2822,1,0
2124,2830,1,0
2125,2833,1,1
2126,2837,1,0
2127,2840,1,0
2128,2841,1,0
2129,2843,1,0
2130,2846,1,0
2131,2848,1,0
2132,2849,1,0
2133,2850,2,0
2134,2851,1,0
2135,2854,1,0
2136,2855,2,0
2137,2857,1,1
2138,2861,1,0
2139,2863,1,0
2140,2864,2,0
2141,2866,2,0
2142,2868,1,1
2143,2871,1,0
2144,2876,1,0
2145,2878,1,0
2146,2883,1,0
2147,2885,1,0
2148,2888,2,0
2149,2892,1,0
2150,2894,1,1
2151,2899,1,0
2152,2900,1,0
2153,2906,1,0
2154,2910,2,1
2155,2912,1,0
2156,2916,1,0
2157,2917,2,1
2158,2922,1,0
2159,2923,1,0
2160,2928,2,0
2161,2930,1,0
2162,2935,1,0
2163,2937,2,1
2164,2938,1,0
2165,2939,1,1
2166,2940,2,0
2167,2941,1,0
2168,2943,1,0
2169,2944,1,1
2170,2946,1,0
2171,2949,2,1
2172,2950,1,0
2173,2957,2,0
2174,2959,1,0
2175,2967,1,0
2176,2968,2,1
2177,2971,1,0
2178,2974,2,0
2179,2983,1,0
2180,2985,1,0
2181,2992,1,1
2182,2994,1,0
2183,2995,1,0
2184,2997,1,0
2185,2998,1,0
2186,2999,1,0
2187,3002,1,0
2188,3008,1,0
2189,3009,1,0
2190,3012,1,0
2191,3014,1,1
2192,3018,1,0
2193,3020,2,0
2194,3021,1,0
2195,3023,1,0
2196,3027,2,0
2197,3029,1,0
2198,3030,1,0
2199,3031,2,0
2200,3034,1,0
2201,3035,1,0
2202,3036,1,0
2203,3038,2,0
2204,3039,1,0
2205,3041,1,0
2206,3042,1,0
2207,3044,1,0
2208,3046,1,0
2209,3048,2,0
2210,3049,2,0
2211,3050,1,0
2212,3051,1,0
2213,3054,1,0
2214,3055,1,0
2215,3056,2,1
2216,3057,1,0
2217,3058,1,0
2218,3061,1,0
2219,3063,1,0
2220,3064,1,1
2221,3067,1,0
2222,3069,1,0
2223,3070,3,0
2224,3071,2,0
2225,3074,1,0
2226,3075,1,0
2227,3076,1,0
2228,3078,1,0
2229,3079,1,0
2230,3080,1,0
2231,3083,1,0
2232,3084,1,0
2233,3087,1,1
2234,3090,1,0
2235,3091,1,0
2236,3093,2,0
2237,3101,1,1
2238,3102,1,0
2239,3103,1,0
2240,3104,2,0
2241,3105,3,0
2242,3106,1,0
2243,3107,1,0
2244,3111,2,0
2245,3120,1,0
2246,3121,1,0
2247,3124,2,0
2248,3128,1,0
2249,3129,1,0
2250,3131,2,1
2251,3132,1,0
2252,3135,1,0
2253,3136,1,0
2254,3137,1,0
2255,3140,1,0
2256,3142,1,0
2257,3147,1,0
2258,3148,1,0
2259,3150,2,0
2260,3159,1,0
2261,3161,2,0
2262,3162,2,2
2263,3166,1,0
2264,3169,1,0
2265,3170,1,0
2266,3171,1,0
2267,3172,1,0
2268,3173,1,0
2269,3174,2,0
2270,3175,1,0
2271,3180,2,2
2272,3181,1,0
2273,3183,1,0
2274,3184,2,0
2275,3189,1,0
2276,3191,1,0
2277,3201,1,0
2278,3202,1,0
2279,3205,1,0
2280,3207,1,0
2281,3208,1,0
2282,3209,1,0
2283,3210,1,0
2284,3211,1,0
2285,3212,1,0
2286,3213,1,0
2287,3216,1,0
2288,3223,1,0
2289,3224,1,0
2290,3226,1,0
2291,3227,4,0
2292,3229,1,1
2293,3231,1,0
2294,3234,1,0
2295,3239,2,1
2296,3240,1,0
2297,3242,1,0
2298,3244,1,0
2299,3247,1,0
2300,3248,1,0
2301,3250,1,0
2302,3251,3,1
2303,3253,1,0
2304,3254,1,0
2305,3256,1,1
2306,3259,1,0
2307,3260,2,0
2308,3261,2,0
2309,3264,1,0
2310,3266,1,0
2311,3268,1,0
2312,3279,1,0
2313,3285,2,1
2314,3290,2,0
2315,3295,1,0
2316,3296,2,0
2317,3299,1,0
2318,3300,1,0
2319,3301,1,0
2320,3304,2,1
2321,3307,1,0
2322,3311,1,0
2323,3313,2,0
2324,3319,1,0
2325,3324,2,0
2326,3325,2,1
2327,3326,1,0
2328,3327,1,0
2329,3333,1,0
2330,3334,2,0
2331,3336,1,0
2332,3340,1,0
2333,3341,1,0
2334,3343,1,0
2335,3344,1,0
2336,3346,2,0
2337,3347,2,0
2338,3349,1,0
2339,3351,1,1
2340,3354,1,0
2341,3355,1,0
2342,3356,1,0
2343,3359,1,0
2344,3363,1,1
2345,3364,2,0
2346,3365,1,1
2347,3367,2,0
2348,3368,2,0
2349,3372,1,0
2350,3373,1,0
2351,3375,1,0
2352,3376,1,0
2353,3379,1,0
2354,3386,1,0
2355,3387,1,0
2356,3390,1,0
2357,3393,1,0
2358,3398,2,0
2359,3399,1,0
2360,3401,2,0
2361,3405,1,0
2362,3409,1,0
2363,3412,1,0
2364,3413,1,0
2365,3414,1,0
2366,3416,2,0
2367,3418,1,0
2368,3421,1,1
2369,3428,1,0
2370,3430,1,0
2371,3431,1,0
2372,3432,2,0
2373,3434,2,0
2374,3436,2,0
2375,3439,1,1
2376,3442,1,0
2377,3449,3,0
2378,3453,1,0
2379,3455,1,0
2380,3456,1,0
2381,3461,2,0
2382,3462,1,1
2383,3464,3,0
2384,3466,1,1
2385,3468,1,0
2386,3471,1,0
2387,3477,1,1
2388,3478,1,0
2389,3483,2,0
2390,3484,2,0
2391,3485,1,0
2392,3487,1,0
2393,3488,1,0
2394,3490,1,0
2395,3492,2,0
2396,3493,1,1
2397,3495,1,0
2398,3497,1,0
2399,3498,1,0
2400,3503,1,0
2401,3505,1,0
2402,3509,1,0
2403,3511,1,1
2404,3512,1,0
2405,3513,1,0
2406,3516,1,0
2407,3518,2,1
2408,3520,1,0
2409,3521,1,0
2410,3524,1,0
2411,3527,1,0
2412,3532,1,0
2413,3533,1,0
2414,3535,2,1
2415,3539,1,0
2416,3540,2,0
2417,3541,1,0
2418,3543,2,0
2419,3549,1,0
2420,3550,2,0
2421,3553,1,0
2422,3558,1,0
2423,3562,2,0
2424,3568,1,0
2425,3569,2,0
2426,3575,1,0
2427,3578,2,0
2428,3584,1,0
2429,3585,1,0
2430,3586,1,0
2431,3587,1,0
2432,3588,1,0
2433,3591,1,0
2434,3603,1,0
2435,3604,1,0
2436,3605,1,1
2437,3607,1,0
2438,3608,1,0
2439,3615,1,0
2440,3619,1,0
2441,3620,1,0
2442,3622,1,0
2443,3623,1,0
2444,3627,1,0
2445,3628,2,0
2446,3630,1,0
2447,3636,2,0
2448,3637,1,0
2449,3643,2,0
2450,3646,1,0
2451,3647,1,0
2452,3649,1,0
2453,3650,2,0
2454,3651,1,0
2455,3653,1,0
2456,3654,1,0
2457,3655,1,0
2458,3659,1,0
2459,3660,1,0
2460,3666,1,0
2461,3667,2,0
2462,3677,1,0
2463,3681,2,1
2464,3682,1,0
2465,3687,2,0
2466,3689,1,0
2467,3690,1,0
2468,3692,1,0
2469,3696,2,1
2470,3698,2,0
2471,3699,2,0
2472,3705,1,0
2473,3709,1,0
2474,3710,1,0
2475,3715,1,0
2476,3717,3,0
2477,3725,1,0
2478,3726,1,0
2479,3727,1,0
2480,3729,1,0
2481,3733,1,0
2482,3735,1,0
2483,3737,1,0
2484,3742,1,0
2485,3743,1,0
2486,3748,2,1
2487,3750,2,1
2488,3751,1,0
2489,3752,1,0
2490,3753,1,0
2491,3754,1,0
2492,3757,1,0
2493,3762,1,0
2494,3767,1,0
2495,3771,1,0
2496,3772,1,0
2497,3774,1,0
2498,3775,1,0
2499,3776,2,0
2500,3779,1,0
2501,3780,2,0
2502,3785,1,0
2503,3788,1,0
2504,3790,1,0
2505,3791,1,1
2506,3795,1,0
2507,3800,1,0
2508,3801,2,0
2509,3802,1,0
2510,3803,2,1
2511,3806,1,0
2512,3808,1,0
2513,3809,1,1
2514,3814,1,1
2515,3818,2,0
2516,3820,1,0
2517,3821,1,0
2518,3823,1,0
2519,3824,1,1
2520,3825,1,0
2521,3826,1,0
2522,3829,1,1
2523,3830,1,0
2524,3831,1,0
2525,3832,1,0
2526,3839,1,0
2527,3842,2,1
2528,3843,1,1
2529,3846,1,0
2530,3848,1,0
2531,3860,1,0
2532,3862,1,0
2533,3865,1,0
2534,3866,1,0
2535,3869,1,0
2536,3871,1,0
2537,3873,1,0
2538,3876,1,0
2539,3878,2,0
2540,3882,2,0
2541,3887,1,0
2542,3892,1,0
2543,3894,1,0
2544,3896,1,0
2545,3897,1,0
2546,3898,1,0
2547,3903,1,0
2548,3904,1,0
2549,3912,1,0
2550,3913,1,0
2551,3915,1,0
2552,3916,1,0
2553,3918,1,0
2554,3920,2,1
2555,3922,1,0
2556,3925,1,0
2557,3932,2,0
2558,3935,1,0
2559,3937,1,0
2560,3946,1,0
2561,3950,1,0
2562,3951,1,0
2563,3952,1,1
2564,3953,1,0
2565,3954,1,0
2566,3974,1,0
2567,3978,1,0
2568,3979,1,0
2569,3980,1,0
2570,3983,1,0
2571,3990,1,0
2572,3994,2,0
2573,4002,1,0
2574,4006,1,0
2575,4008,1,0
2576,4011,1,0
2577,4012,1,0
2578,4013,1,0
2579,4014,1,0
2580,4017,1,0
2581,4021,1,0
2582,4023,1,0
2583,4025,1,0
2584,4028,1,0
2585,4030,2,0
2586,4033,1,0
2587,4039,1,0
2588,4044,1,0
2589,4045,2,0
2590,4046,1,0
2591,4050,1,0
2592,4057,1,0
2593,4058,2,0
2594,4062,2,0
2595,4064,1,0
2596,4068,1,0
2597,4076,1,0
2598,4077,1,1
2599,4079,1,0
2600,4086,2,0
2601,4099,1,0
2602,4100,1,0
2603,4101,1,0
2604,4105,2,0
2605,4106,1,0
2606,4113,1,0
2607,4122,1,0
2608,4125,1,0
2609,4128,1,1
2610,4130,1,0
2611,4134,1,0
2612,4135,1,0
2613,4137,1,0
2614,4143,1,0
2615,4144,2,0
2616,4145,1,0
2617,4146,1,0
2618,4147,1,1
2619,4150,1,0
2620,4155,1,0
2621,4163,1,0
2622,4169,1,1
2623,4175,1,0
2624,4176,1,0
2625,4177,1,0
2626,4179,1,0
2627,4182,1,1
2628,4184,1,0
2629,4185,2,0
2630,4186,2,0
2631,4187,1,1
2632,4190,1,0
2633,4191,1,0
2634,4203,1,0
2635,4207,1,0
2636,4209,1,0
2637,4212,1,0
2638,4222,1,1
2639,4227,1,0
2640,4228,1,0
2641,4232,1,0
2642,4233,1,0
2643,4235,1,0
2644,4236,1,0
2645,4239,3,0
2646,4241,1,0
2647,4244,1,0
2648,4252,2,1
2649,4253,1,0
2650,4256,2,0
2651,4257,1,0
2652,4266,1,0
2653,4269,2,0
2654,4270,1,1
2655,4276,1,0
2656,4278,1,0
2657,4281,1,0
2658,4282,1,0
2659,4283,1,0
2660,4290,1,0
2661,4295,1,0
2662,4296,2,0
2663,4300,1,0
2664,4302,2,0
2665,4303,2,0
2666,4312,1,0
2667,4315,1,0
2668,4317,1,0
2669,4323,1,0
2670,4324,1,0
2671,4326,4,0
2672,4327,1,0
2673,4328,1,0
2674,4330,2,0
2675,4346,2,0
2676,4350,1,1
2677,4359,1,0
2678,4360,1,0
2679,4362,1,0
2680,4364,1,0
2681,4370,1,1
2682,4371,2,0
2683,4374,1,0
2684,4375,1,0
2685,4376,1,0
2686,4381,1,0
2687,4390,1,0
2688,4391,1,0
2689,4395,1,0
2690,4405,1,0
2691,4411,1,0
2692,4416,1,0
2693,4429,1,0
2694,4430,1,0
2695,4431,1,0
2696,4432,2,0
2697,4433,1,0
2698,4436,1,0
2699,4443,1,0
2700,4444,1,0
2701,4445,1,0
2702,4450,2,1
2703,4453,1,0
2704,4454,1,0
2705,4464,1,0
2706,4468,1,0
2707,4471,1,0
2708,4474,1,0
2709,4481,1,0
2710,4486,1,0
2711,4488,1,0
2712,4489,1,0
2713,4495,2,0
2714,4498,1,0
2715,4503,1,0
2716,4505,2,0
2717,4507,1,0
2718,4508,1,0
2719,4510,1,1
2720,4512,1,0
2721,4513,1,0
2722,4516,1,0
2723,4522,1,1
2724,4525,1,0
2725,4530,2,0
2726,4532,1,0
2727,4538,1,0
2728,4543,1,0
2729,4548,1,1
2730,4563,1,0
2731,4570,1,0
2732,4572,2,0
2733,4576,2,0
2734,4577,1,0
2735,4578,1,1
2736,4580,1,0
2737,4584,1,0
2738,4588,1,0
2739,4589,1,0
2740,4591,1,0
2741,4594,2,0
2742,4595,1,0
2743,4598,2,0
2744,4602,1,0
2745,4604,1,1
2746,4607,1,0
2747,4615,1,0
2748,4617,1,0
2749,4628,1,0
2750,4633,1,0
2751,4635,1,0
2752,4637,1,0
2753,4645,1,0
2754,4646,1,0
2755,4647,1,0
2756,4649,1,0
2757,4650,1,0
2758,4653,1,0
2759,4661,1,1
2760,4670,1,0
2761,4672,1,0
2762,4673,1,0
2763,4675,1,0
2764,4681,1,0
2765,4682,1,0
2766,4685,1,0
2767,4688,1,0
2768,4691,1,0
2769,4695,1,0
2770,4696,1,1
2771,4698,1,0
2772,4702,1,1
2773,4703,1,1
2774,4705,1,0
2775,4711,1,0
2776,4714,1,0
2777,4715,2,2
2778,4720,1,0
2779,4724,1,0
2780,4738,1,0
2781,4743,1,0
2782,4750,1,0
2783,4752,1,0
2784,4753,3,0
2785,4756,1,0
2786,4762,1,0
2787,4769,1,0
2788,4771,1,0
2789,4772,1,0
2790,4774,1,0
2791,4784,2,0
2792,4796,1,1
2793,4800,1,0
2794,4802,2,0
2795,4804,1,0
2796,4805,1,0
2797,4809,1,0
2798,4810,1,0
2799,4815,1,0
2800,4817,1,0
2801,4823,1,0
2802,4827,1,0
2803,4832,1,0
2804,4838,1,0
2805,4840,1,0
2806,4843,1,0
2807,4845,2,1
2808,4851,1,0
2809,4854,1,0
2810,4857,2,0
2811,4863,1,0
2812,4880,1,1
2813,4883,1,0
2814,4891,1,0
2815,4895,1,0
2816,4902,1,0
2817,4913,1,0
2818,4914,1,0
2819,4916,1,0
2820,4922,1,0
2821,4925,2,0
2822,4928,1,0
2823,4929,1,0
2824,4931,1,1
2825,4943,1,0
2826,4949,1,0
2827,4951,1,0
2828,4969,1,0
2829,4973,1,0
2830,4975,1,0
2831,4978,1,1
2832,4987,1,0
2833,4988,1,0
2834,5000,1,0
2835,5002,2,0
2836,5004,1,0
2837,5006,2,0
2838,5008,1,1
2839,5010,1,0
2840,5012,1,0
2841,5014,1,0
2842,5022,1,0
2843,5030,1,0
2844,5036,1,0
2845,5037,1,0
2846,5038,1,0
2847,5039,1,1
2848,5042,1,0
2849,5046,1,0
2850,5047,1,0
2851,5048,1,0
2852,5056,1,0
2853,5067,1,0
2854,5077,1,0
2855,5078,1,1
2856,5079,1,0
2857,5082,1,0
2858,5087,1,0
2859,5098,1,0
2860,5104,1,0
2861,5110,1,0
2862,5119,1,1
2863,5129,1,0
2864,5130,1,0
2865,5134,2,0
2866,5147,1,0
2867,5148,1,0
2868,5149,1,0
2869,5161,1,0
2870,5162,1,0
2871,5164,1,0
2872,5166,1,0
2873,5177,1,0
2874,5179,1,0
2875,5180,1,0
2876,5183,1,0
2877,5192,1,0
2878,5197,1,0
2879,5199,1,0
2880,5204,1,0
2881,5209,1,0
2882,5210,1,0
2883,5213,1,0
2884,5223,1,0
2885,5227,1,0
2886,5229,1,0
2887,5230,1,1
2888,5232,1,0
2889,5235,1,0
2890,5239,1,0
2891,5241,1,0
2892,5243,1,0
2893,5246,1,0
2894,5250,1,0
2895,5258,1,1
2896,5263,1,0
2897,5265,1,0
2898,5270,2,0
2899,5271,1,0
2900,5272,1,0
2901,5274,1,0
2902,5277,1,0
2903,5280,1,0
2904,5283,1,0
2905,5285,1,0
2906,5286,1,0
2907,5297,1,0
2908,5299,1,0
2909,5301,1,0
2910,5310,1,0
2911,5311,1,0
2912,5321,1,0
2913,5322,1,0
2914,5323,1,0
2915,5325,1,0
2916,5332,1,0
2917,5335,1,0
2918,5341,1,0
2919,5343,1,0
2920,5344,1,0
2921,5347,1,0
2922,5349,1,0
2923,5350,1,0
2924,5354,1,0
2925,5357,1,0
2926,5363,1,0
2927,5364,1,0
2928,5380,1,0
2929,5385,2,1
2930,5388,1,0
2931,5393,1,0
2932,5397,1,1
2933,5403,1,1
2934,5405,1,0
2935,5407,2,0
2936,5411,1,0
2937,5415,1,0
2938,5425,1,0
2939,5428,1,0
2940,5431,1,0
2941,5433,1,0
2942,5445,1,0
2943,5446,1,0
2944,5449,1,0
2945,5450,1,0
2946,5456,1,0
2947,5461,1,0
2948,5462,1,0
2949,5464,1,0
2950,5493,1,0
2951,5497,1,0
2952,5498,1,0
2953,5506,1,0
2954,5511,1,0
2955,5531,2,0
2956,5532,1,0
2957,5534,1,0
2958,5541,1,0
2959,5544,1,0
2960,5545,1,1
2961,5554,1,0
2962,5562,1,0
2963,5575,1,0
2964,5576,1,0
2965,5580,1,0
2966,5582,1,0
2967,5583,1,0
2968,5585,1,0
2969,5588,1,0
2970,5596,2,0
2971,5601,1,0
2972,5604,1,0
2973,5616,1,0
2974,5617,1,0
2975,5619,1,0
2976,5631,1,0
2977,5647,1,0
2978,5649,1,0
2979,5659,1,0
2980,5660,1,0
2981,5663,1,0
2982,5664,1,0
2983,5667,1,0
2984,5669,2,0
2985,5673,1,0
2986,5676,1,0
2987,5684,1,1
2988,5687,1,0
2989,5688,1,1
2990,5690,2,0
2991,5696,1,0
2992,5698,1,0
2993,5702,1,0
2994,5707,1,1
2995,5711,1,0
2996,5712,2,0
2997,5713,1,0
2998,5714,2,0
2999,5721,1,0
3000,5722,1,0
3001,5732,1,0
3002,5741,1,0
3003,5742,1,0
3004,5753,1,0
3005,5757,1,0
3006,5774,1,0
3007,5778,1,0
3008,5789,2,0
3009,5798,1,0
3010,5801,1,0
3011,5805,1,0
3012,5809,1,0
3013,5811,1,0
3014,5814,1,0
3015,5815,1,0
3016,5818,1,0
3017,5830,1,0
3018,5835,1,0
3019,5840,1,0
3020,5847,1,0
3021,5852,1,0
3022,5859,1,1
3023,5861,2,0
3024,5867,1,0
3025,5870,1,0
3026,5871,1,0
3027,5876,1,0
3028,5878,1,0
3029,5887,1,0
3030,5891,1,0
3031,5893,1,0
3032,5903,1,0
3033,5910,1,0
3034,5918,1,0
3035,5924,1,0
3036,5926,1,0
3037,5930,1,0
3038,5938,1,0
3039,5944,1,0
3040,5953,1,0
3041,5955,1,0
3042,5956,1,1
3043,5957,1,0
3044,5959,1,0
3045,5962,1,0
3046,5966,1,0
3047,5972,1,0
3048,5975,1,0
3049,5985,2,0
3050,5992,1,0
3051,5994,1,0
3052,6004,1,0
3053,6005,1,1
3054,6007,1,0
3055,6014,2,0
3056,6032,1,0
3057,6033,1,0
3058,6036,1,0
3059,6038,1,0
3060,6039,1,0
3061,6048,1,0
3062,6055,1,0
3063,6064,1,1
3064,6070,1,1
3065,6083,1,0
3066,6099,1,0
3067,6100,1,0
3068,6101,1,1
3069,6104,1,0
3070,6107,1,0
3071,6116,2,0
3072,6126,2,0
3073,6131,1,0
3074,6138,1,0
3075,6151,1,0
3076,6153,1,0
3077,6160,1,0
3078,6161,1,0
3079,6162,1,1
3080,6163,1,0
3081,6167,1,0
3082,6170,1,0
3083,6181,1,0
3084,6182,1,0
3085,6191,1,0
3086,6195,1,0
3087,6199,1,0
3088,6209,1,0
3089,6213,1,0
3090,6235,1,0
3091,6243,1,0
3092,6258,1,0
3093,6259,1,0
3094,6267,1,0
3095,6274,1,0
3096,6281,1,0
3097,6288,1,0
3098,6295,1,0
3099,6309,1,0
3100,6335,1,0
3101,6337,1,0
3102,6358,2,0
3103,6359,1,0
3104,6360,1,1
3105,6377,1,0
3106,6381,1,0
3107,6387,1,0
3108,6388,1,0
3109,6411,2,0
3110,6426,2,1
3111,6428,1,0
3112,6435,1,0
3113,6438,2,1
3114,6441,1,0
3115,6455,1,0
3116,6475,2,0
3117,6477,1,0
3118,6478,1,0
3119,6479,1,0
3120,6513,1,1
3121,6515,1,0
3122,6519,1,0
3123,6547,1,0
3124,6549,2,0
3125,6558,1,0
3126,6561,1,0
3127,6564,1,0
3128,6565,1,0
3129,6572,1,0
3130,6574,1,0
3131,6575,1,0
3132,6583,1,0
3133,6596,1,0
3134,6606,1,0
3135,6627,2,0
3136,6631,1,0
3137,6636,1,0
3138,6640,1,0
3139,6641,1,0
3140,6644,2,0
3141,6656,1,0
3142,6658,1,0
3143,6659,1,0
3144,6670,1,0
3145,6673,2,0
3146,6679,1,0
3147,6685,1,1
3148,6687,1,0
3149,6688,1,0
3150,6694,1,0
3151,6702,1,0
3152,6705,1,0
3153,6716,1,0
3154,6720,2,0
3155,6723,1,0
3156,6735,2,0
3157,6737,1,0
3158,6740,1,0
3159,6746,1,0
3160,6752,1,0
3161,6757,1,0
3162,6761,1,0
3163,6762,1,0
3164,6769,1,0
3165,6786,1,0
3166,6790,2,0
3167,6812,1,0
3168,6814,1,0
3169,6816,1,1
3170,6817,1,0
3171,6823,1,0
3172,6835,1,0
3173,6852,1,0
3174,6853,1,0
3175,6855,1,0
3176,6861,1,0
3177,6862,1,0
3178,6866,2,0
3179,6888,1,0
3180,6898,1,0
3181,6900,1,0
3182,6904,1,0
3183,6906,1,0
3184,6909,1,0
3185,6913,1,0
3186,6919,1,0
3187,6921,1,0
3188,6923,1,0
3189,6940,1,0
3190,6942,1,0
3191,6950,1,0
3192,6953,1,0
3193,6955,1,1
3194,6959,2,0
3195,6962,1,0
3196,6963,1,0
3197,6972,1,0
3198,6974,1,0
3199,6975,1,0
3200,6976,1,1
3201,6995,1,0
3202,6998,1,0
3203,7002,1,0
3204,7005,1,0
3205,7016,1,0
3206,7025,1,0
3207,7039,1,0
3208,7041,1,0
3209,7045,1,0
3210,7053,1,0
3211,7059,1,0
3212,7084,1,0
3213,7091,1,0
3214,7093,1,0
3215,7096,1,0
3216,7112,1,0
3217,7122,1,0
3218,7126,1,0
3219,7128,1,1
3220,7136,1,0
3221,7140,1,0
3222,7148,1,0
3223,7149,1,0
3224,7155,2,0
3225,7158,1,0
3226,7162,1,0
3227,7164,1,0
3228,7165,1,0
3229,7168,1,1
3230,7171,1,0
3231,7182,1,0
3232,7189,1,0
3233,7208,1,0
3234,7221,1,0
3235,7227,1,0
3236,7236,1,0
3237,7239,1,0
3238,7240,2,0
3239,7249,1,0
3240,7250,1,0
3241,7264,1,0
3242,7268,1,0
3243,7273,1,0
3244,7282,1,0
3245,7298,1,0
3246,7307,1,0
3247,7322,1,0
3248,7324,1,0
3249,7333,1,0
3250,7341,1,0
3251,7350,1,0
3252,7356,1,0
3253,7359,2,0
3254,7362,1,0
3255,7374,1,0
3256,7375,1,0
3257,7377,1,0
3258,7383,1,0
3259,7389,1,0
3260,7406,1,0
3261,7414,1,0
3262,7438,1,0
3263,7441,1,0
3264,7443,1,0
3265,7453,1,0
3266,7460,1,0
3267,7486,1,0
3268,7489,1,0
3269,7493,1,0
3270,7500,1,1
3271,7502,1,1
3272,7504,1,0
3273,7506,1,0
3274,7507,1,0
3275,7522,1,0
3276,7527,1,0
3277,7546,1,0
3278,7554,1,0
3279,7561,1,0
3280,7565,1,0
3281,7578,1,0
3282,7609,1,0
3283,7610,1,0
3284,7614,1,0
3285,7620,1,0
3286,7625,1,0
3287,7638,1,0
3288,7643,1,0
3289,7663,2,1
3290,7684,1,1
3291,7685,1,0
3292,7712,1,0
3293,7746,1,1
3294,7749,1,1
3295,7750,1,0
3296,7751,1,1
3297,7754,1,0
3298,7755,1,1
3299,7761,1,1
3300,7762,1,0
3301,7773,1,0
3302,7777,1,0
3303,7779,1,0
3304,7787,1,1
3305,7788,1,1
3306,7792,1,0
3307,7796,1,0
3308,7808,1,0
3309,7817,2,0
3310,7821,1,0
3311,7827,1,0
3312,7833,1,0
3313,7840,1,0
3314,7844,1,0
3315,7862,1,0
3316,7863,1,0
3317,7864,1,0
3318,7876,1,0
3319,7882,1,0
3320,7894,1,0
3321,7903,1,0
3322,7905,2,0
3323,7906,2,0
3324,7913,1,0
3325,7918,1,0
3326,7922,1,0
3327,7924,1,1
3328,7946,1,0
3329,7947,1,0
3330,7949,1,1
3331,7953,1,0
3332,7955,1,1
3333,7961,1,0
3334,7964,1,0
3335,7969,1,0
3336,7973,1,0
3337,7976,2,0
3338,7983,1,0
3339,7986,1,0
3340,7997,1,1
3341,8012,1,0
3342,8032,1,0
3343,8034,1,0
3344,8039,1,0
3345,8065,1,0
3346,8067,1,0
3347,8073,1,0
3348,8081,1,0
3349,8091,1,0
3350,8093,1,0
3351,8095,1,0
3352,8105,1,0
3353,8113,2,0
3354,8122,1,0
3355,8129,1,0
3356,8143,1,0
3357,8145,1,1
3358,8146,1,0
3359,8163,1,0
3360,8166,1,0
3361,8169,1,0
3362,8188,1,0
3363,8189,2,1
3364,8206,1,0
3365,8207,1,0
3366,8227,1,0
3367,8230,1,0
3368,8243,1,0
3369,8251,1,0
3370,8252,1,0
3371,8256,1,0
3372,8265,1,0
3373,8277,1,0
3374,8285,1,0
3375,8286,1,0
3376,8290,1,0
3377,8347,1,1
3378,8358,1,0
3379,8360,1,0
3380,8369,1,1
3381,8371,1,0
3382,8373,1,0
3383,8380,1,0
3384,8381,1,0
3385,8389,2,0
3386,8403,1,0
3387,8436,2,0
3388,8437,1,0
3389,8471,1,0
3390,8482,1,1
3391,8486,1,0
3392,8496,1,0
3393,8513,1,0
3394,8517,1,0
3395,8518,1,0
3396,8522,1,1
3397,8534,1,0
3398,8538,1,0
3399,8546,1,0
3400,8560,1,0
3401,8563,1,0
3402,8570,1,0
3403,8575,1,0
3404,8587,1,0
3405,8589,1,0
3406,8591,1,1
3407,8601,1,0
3408,8613,1,0
3409,8617,1,1
3410,8625,1,1
3411,8628,1,0
3412,8670,1,0
3413,8689,1,0
3414,8708,1,0
3415,8710,1,0
3416,8723,1,1
3417,8737,1,0
3418,8744,1,0
3419,8755,1,0
3420,8766,1,0
3421,8773,1,0
3422,8787,1,0
3423,8789,1,0
3424,8798,1,0
3425,8808,1,0
3426,8855,1,0
3427,8856,1,0
3428,8858,1,0
3429,8860,1,0
3430,8884,1,0
3431,8903,1,0
3432,8905,1,0
3433,8908,1,0
3434,8913,1,0
3435,8918,1,0
3436,8925,1,0
3437,8926,1,0
3438,8950,1,0
3439,8959,1,0
3440,8985,1,0
3441,8991,1,0
3442,9006,1,1
3443,9014,1,1
3444,9024,1,0
3445,9047,1,0
3446,9051,1,0
3447,9052,1,0
3448,9059,1,0
3449,9060,1,1
3450,9066,1,0
3451,9072,1,0
3452,9088,1,0
3453,9091,1,0
3454,9100,1,0
3455,9109,1,0
3456,9112,1,0
3457,9125,1,0
3458,9126,1,0
3459,9140,1,0
3460,9145,1,0
3461,9153,1,0
3462,9154,1,1
3463,9158,2,1
3464,9163,3,1
3465,9164,1,0
3466,9170,1,0
3467,9176,1,0
3468,9178,1,0
3469,9180,1,0
3470,9211,1,0
3471,9217,1,0
3472,9233,1,0
3473,9264,1,0
3474,9276,1,0
3475,9283,1,0
3476,9284,1,0
3477,9297,1,0
3478,9313,1,1
3479,9314,1,1
3480,9318,1,0
3481,9319,1,0
3482,9332,1,0
3483,9334,1,1
3484,9347,1,0
3485,9348,1,0
3486,9352,1,1
3487,9356,1,1
3488,9371,1,0
3489,9376,1,0
3490,9377,1,1
3491,9379,1,0
3492,9396,1,0
3493,9402,1,0
3494,9404,1,0
3495,9406,1,0
3496,9410,1,0
3497,9442,1,1
3498,9474,1,1
3499,9494,1,0
3500,9512,1,0
3501,9525,2,0
3502,9526,1,0
3503,9549,1,1
3504,9554,1,0
3505,9567,1,0
3506,9572,1,0
3507,9574,1,0
3508,9576,1,0
3509,9577,1,0
3510,9602,1,0
3511,9604,1,0
3512,9609,1,0
3513,9619,1,0
3514,9621,1,0
3515,9623,1,0
3516,9633,1,0
3517,9654,1,0
3518,9663,2,0
3519,9672,1,0
3520,9730,1,0
3521,9734,1,1
3522,9739,1,0
3523,9740,1,1
3524,9744,1,0
3525,9750,1,1
3526,9751,1,1
3527,9764,1,0
3528,9769,1,0
3529,9787,1,0
3530,9789,1,0
3531,9807,1,0
3532,9821,1,0
3533,9834,1,0
3534,9838,1,0
3535,9841,1,0
3536,9856,1,0
3537,9860,2,0
3538,9884,1,0
3539,9914,1,0
3540,9945,1,0
3541,9955,1,0
3542,9968,1,0
3543,9983,1,0
3544,9987,1,0
3545,10005,1,0
3546,10008,1,0
3547,10013,1,0
3548,10032,1,0
3549,10045,1,1
3550,10046,1,0
3551,10058,2,0
3552,10092,1,0
3553,10102,1,0
3554,10105,1,0
3555,10114,1,0
3556,10158,1,0
3557,10169,1,0
3558,10171,1,0
3559,10172,1,0
3560,10180,1,0
3561,10196,1,0
3562,10223,1,0
3563,10231,1,0
3564,10233,1,0
3565,10242,1,0
3566,10261,1,0
3567,10282,1,0
3568,10283,1,0
3569,10287,1,0
3570,10306,1,0
3571,10308,1,0
3572,10316,1,0
3573,10317,1,0
3574,10324,1,0
3575,10333,1,0
3576,10360,1,0
3577,10382,1,0
3578,10419,2,0
3579,10422,1,1
3580,10424,1,0
3581,10425,1,0
3582,10426,1,1
3583,10427,1,0
3584,10433,1,0
3585,10447,1,1
3586,10462,1,1
3587,10475,1,0
3588,10480,1,0
3589,10491,2,0
3590,10499,1,1
3591,10518,1,1
3592,10529,1,1
3593,10532,1,0
3594,10542,1,0
3595,10561,1,1
3596,10562,1,0
3597,10567,1,0
3598,10587,1,0
3599,10595,1,0
3600,10610,1,0
3601,10612,1,0
3602,10619,2,0
3603,10621,1,0
3604,10630,2,0
3605,10632,1,0
3606,10640,1,0
3607,10648,1,0
3608,10658,1,0
3609,10665,1,0
3610,10667,1,0
3611,10680,1,0
3612,10701,1,1
3613,10726,1,0
3614,10732,1,0
3615,10745,1,0
3616,10749,1,0
3617,10757,1,0
3618,10789,1,0
3619,10799,1,0
3620,10827,1,0
3621,10832,1,0
3622,10845,1,0
3623,10847,1,0
3624,10848,1,0
3625,10870,1,0
3626,10873,1,0
3627,10895,1,0
3628,10903,1,0
3629,10909,1,0
3630,10915,1,1
3631,10951,1,0
3632,11011,1,0
3633,11060,1,0
3634,11068,1,0
3635,11095,1,0
3636,11111,1,0
3637,11113,2,0
3638,11114,1,0
3639,11137,1,0
3640,11149,1,0
3641,11152,1,1
3642,11169,1,0
3643,11185,1,0
3644,11199,1,0
3645,11201,1,0
3646,11205,1,0
3647,11207,1,0
3648,11213,1,0
3649,11288,1,0
3650,11328,1,0
3651,11334,1,0
3652,11351,1,0
3653,11353,1,0
3654,11364,1,0
3655,11373,1,0
3656,11377,1,0
3657,11385,1,0
3658,11401,1,0
3659,11415,1,1
3660,11420,1,1
3661,11454,1,1
3662,11456,1,0
3663,11460,1,0
3664,11481,1,0
3665,11483,1,0
3666,11491,1,0
3667,11494,1,0
3668,11506,1,0
3669,11511,1,0
3670,11513,1,0
3671,11521,1,0
3672,11522,1,0
3673,11523,1,0
3674,11536,1,0
3675,11591,1,0
3676,11596,1,0
3677,11615,1,0
3678,11617,1,0
3679,11621,1,1
3680,11645,1,0
3681,11673,1,1
3682,11702,1,0
3683,11716,1,0
3684,11729,1,0
3685,11735,1,0
3686,11739,1,0
3687,11806,1,0
3688,11816,1,0
3689,11825,1,0
3690,11843,1,0
3691,11869,1,0
3692,11870,1,0
3693,11881,1,0
3694,11882,1,0
3695,11886,1,0
3696,11895,1,0
3697,11901,1,0
3698,11945,1,1
3699,11952,1,0
3700,11955,1,0
3701,11986,1,0
3702,12037,1,0
3703,12054,1,0
3704,12083,1,0
3705,12112,1,0
3706,12141,1,0
3707,12148,1,0
3708,12201,1,0
3709,12220,1,0
3710,12260,1,0
3711,12278,1,0
3712,12280,1,0
3713,12285,1,0
3714,12299,1,0
3715,12301,1,0
3716,12322,1,0
3717,12335,1,0
3718,12338,1,1
3719,12358,1,0
3720,12363,1,0
3721,12383,1,0
3722,12386,2,0
3723,12396,1,0
3724,12399,1,0
3725,12402,2,1
3726,12409,1,0
3727,12432,1,0
3728,12437,1,0
3729,12441,2,0
3730,12449,1,0
3731,12450,1,1
3732,12471,1,0
3733,12478,1,0
3734,12485,1,0
3735,12495,2,0
3736,12523,1,0
3737,12539,2,0
3738,12541,1,0
3739,12543,1,0
3740,12557,1,0
3741,12577,1,0
3742,12595,1,0
3743,12596,1,0
3744,12613,1,0
3745,12638,1,0
3746,12720,1,0
3747,12732,1,0
3748,12741,1,0
3749,12742,1,0
3750,12746,1,0
3751,12766,1,0
3752,12771,1,0
3753,12783,1,0
3754,12788,1,0
3755,12811,1,0
3756,12825,1,0
3757,12834,1,0
3758,12838,1,0
3759,12858,1,0
3760,12861,1,0
3761,12871,1,0
3762,12873,1,0
3763,12892,1,0
3764,12893,1,0
3765,12936,1,1
3766,12942,1,1
3767,12944,1,0
3768,12975,1,0
3769,13008,1,0
3770,13030,1,0
3771,13031,1,0
3772,13033,1,0
3773,13035,1,0
3774,13062,1,0
3775,13065,1,0
3776,13068,1,0
3777,13079,1,0
3778,13150,1,0
3779,13165,1,1
3780,13166,1,0
3781,13169,1,0
3782,13173,1,0
3783,13186,2,0
3784,13193,1,0
3785,13202,1,0
3786,13206,1,0
3787,13242,1,0
3788,13289,1,1
3789,13298,1,1
3790,13320,1,0
3791,13321,1,0
3792,13332,1,1
3793,13333,1,0
3794,13394,1,0
3795,13410,1,0
3796,13426,1,0
3797,13444,1,0
3798,13445,1,0
3799,13460,1,0
3800,13461,1,0
3801,13477,1,0
3802,13483,1,1
3803,13492,1,0
3804,13493,1,0
3805,13535,1,0
3806,13576,1,0
3807,13596,1,0
3808,13599,1,0
3809,13622,1,0
3810,13649,1,1
3811,13677,1,0
3812,13698,1,0
3813,13729,1,0
3814,13730,1,0
3815,13738,1,0
3816,13752,1,1
3817,13768,1,0
3818,13769,1,0
3819,13789,1,0
3820,13795,1,0
3821,13821,1,0
3822,13849,1,0
3823,13854,1,0
3824,13859,1,0
3825,13863,1,0
3826,13870,1,0
3827,13882,1,0
3828,13887,1,0
3829,13908,1,0
3830,13910,1,0
3831,13924,1,0
3832,13925,1,0
3833,13940,1,0
3834,13963,1,0
3835,13972,1,1
3836,13996,1,0
3837,14010,1,0
3838,14023,1,1
3839,14029,1,0
3840,14034,1,0
3841,14089,1,0
3842,14118,1,0
3843,14159,2,0
3844,14179,1,1
3845,14190,1,0
3846,14191,1,0
3847,14195,1,0
3848,14207,1,1
3849,14231,1,0
3850,14241,1,0
3851,14263,1,0
3852,14268,1,0
3853,14299,1,1
3854,14312,1,0
3855,14391,1,0
3856,14409,1,0
3857,14455,1,0
3858,14468,1,0
3859,14508,1,1
3860,14603,1,0
3861,14632,1,0
3862,14649,1,0
3863,14670,1,0
3864,14725,1,0
3865,14737,1,0
3866,14742,1,0
3867,14751,1,0
3868,14765,1,0
3869,14794,1,0
3870,14796,1,0
3871,14819,1,0
3872,14822,1,0
3873,14823,1,0
3874,14824,1,0
3875,14901,1,0
3876,14915,1,0
3877,14926,1,0
3878,14928,1,0
3879,14933,1,0
3880,14934,1,0
3881,14964,1,0
3882,14965,1,1
3883,14968,1,1
3884,14998,1,0
3885,14999,1,0
3886,15026,1,0
3887,15046,1,0
3888,15073,1,0
3889,15086,1,0
3890,15093,1,0
3891,15099,1,0
3892,15122,1,0
3893,15124,1,0
3894,15128,1,0
3895,15155,1,0
3896,15168,1,0
3897,15276,1,0
3898,15292,1,0
3899,15296,1,0
3900,15312,1,0
3901,15328,1,0
3902,15335,1,0
3903,15342,1,0
3904,15352,1,0
3905,15363,1,0
3906,15365,1,0
3907,15389,1,0
3908,15393,1,0
3909,15400,1,0
3910,15414,1,0
3911,15431,1,1
3912,15449,1,0
3913,15505,1,1
3914,15509,1,0
3915,15510,1,1
3916,15563,1,0
3917,15569,1,0
3918,15583,1,0
3919,15646,1,1
3920,15705,1,0
3921,15761,1,0
3922,15762,1,0
3923,15778,1,0
3924,15785,1,0
3925,15801,1,0
3926,15844,1,0
3927,15847,1,0
3928,15873,1,0
3929,15876,1,0
3930,15990,1,0
3931,15998,1,0
3932,16060,1,1
3933,16081,1,0
3934,16110,1,0
3935,16115,1,0
3936,16129,1,0
3937,16187,1,0
3938,16256,1,0
3939,16259,1,1
3940,16278,2,0
3941,16280,1,0
3942,16305,1,0
3943,16311,1,0
3944,16375,1,0
3945,16397,1,0
3946,16430,1,0
3947,16454,1,0
3948,16456,1,1
3949,16473,1,0
3950,16480,1,0
3951,16488,1,0
3952,16509,1,0
3953,16521,1,0
3954,16540,1,0
3955,16592,1,0
3956,16594,1,0
3957,16611,1,1
3958,16621,1,0
3959,16626,1,0
3960,16648,1,1
3961,16792,1,0
3962,16793,1,0
3963,16817,1,0
3964,16839,1,0
3965,16954,1,0
3966,16965,1,0
3967,16999,1,0
3968,17011,1,0
3969,17048,1,0
3970,17059,1,0
3971,17087,1,0
3972,17093,1,0
3973,17106,1,0
3974,17130,1,0
3975,17147,1,0
3976,17168,1,0
3977,17172,1,0
3978,17186,1,0
3979,17236,1,0
3980,17246,1,0
3981,17262,1,1
3982,17264,1,0
3983,17419,2,0
3984,17430,1,0
3985,17431,1,0
3986,17492,1,0
3987,17585,1,0
3988,17590,1,0
3989,17596,1,0
3990,17627,1,1
3991,17645,1,0
3992,17646,1,0
3993,17650,1,0
3994,17703,1,0
3995,17721,1,1
3996,17759,1,0
3997,17760,1,1
3998,17761,1,0
3999,17835,1,0
4000,17870,1,0
4001,17900,1,0
4002,17945,1,0
4003,17956,1,0
4004,17964,1,0
4005,17969,1,0
4006,17992,1,0
4007,17996,1,0
4008,18042,1,0
4009,18060,1,0
4010,18080,1,0
4011,18081,1,0
4012,18084,1,0
4013,18101,1,0
4014,18141,1,0
4015,18179,1,0
4016,18194,1,0
4017,18285,1,0
4018,18369,1,0
4019,18385,1,0
4020,18397,1,0
4021,18408,1,0
4022,18411,1,0
4023,18452,1,0
4024,18455,1,0
4025,18478,2,1
4026,18490,1,1
4027,18523,1,0
4028,18681,1,0
4029,18712,1,0
4030,18737,1,0
4031,18747,1,0
4032,18774,1,0
4033,18799,1,1
4034,18800,1,0
4035,18821,1,0
4036,18866,1,0
4037,18876,1,0
4038,18996,1,0
4039,19025,1,0
4040,19026,1,0
4041,19054,1,0
4042,19119,1,0
4043,19120,1,0
4044,19129,1,0
4045,19162,1,1
4046,19175,1,0
4047,19253,1,0
4048,19258,1,0
4049,19269,1,0
4050,19271,1,0
4051,19324,1,1
4052,19328,1,0
4053,19382,1,0
4054,19388,1,0
4055,19398,1,1
4056,19458,1,0
4057,19486,1,0
4058,19548,1,0
4059,19556,1,0
4060,19730,1,0
4061,19732,1,0
4062,19748,1,0
4063,19789,1,0
4064,19796,1,0
4065,19852,1,0
4066,19894,1,0
4067,19919,1,0
4068,19934,1,0
4069,19947,1,1
4070,20065,1,0
4071,20084,1,0
4072,20165,1,0
4073,20214,1,0
4074,20246,1,0
4075,20285,1,0
4076,20290,1,0
4077,20295,1,0
4078,20304,1,1
4079,20321,1,0
4080,20351,1,0
4081,20354,2,0
4082,20375,1,0
4083,20416,1,0
4084,20540,1,0
4085,20541,2,0
4086,20667,1,0
4087,20870,1,0
4088,20896,1,0
4089,20943,1,0
4090,20976,1,1
4091,21050,1,0
4092,21057,1,0
4093,21089,1,0
4094,21103,1,0
4095,21120,1,0
4096,21201,1,0
4097,21204,1,0
4098,21231,1,0
4099,21245,1,0
4100,21248,1,0
4101,21292,1,0
4102,21345,1,0
4103,21484,1,0
4104,21493,1,0
4105,21541,1,0
4106,21552,1,0
4107,21559,2,0
4108,21562,1,0
4109,21608,1,0
4110,21623,1,0
4111,21663,1,0
4112,21669,1,0
4113,21687,1,0
4114,21724,1,0
4115,21727,1,0
4116,21768,1,1
4117,21784,1,0
4118,21807,1,0
4119,21894,1,0
4120,21901,1,0
4121,21995,1,0
4122,22050,1,0
4123,22053,1,0
4124,22085,1,0
4125,22106,1,0
4126,22115,1,1
4127,22180,1,0
4128,22294,1,0
4129,22326,2,0
4130,22330,1,0
4131,22344,1,0
4132,22352,1,0
4133,22387,1,0
4134,22404,1,0
4135,22428,1,0
4136,22516,1,0
4137,22560,1,0
4138,22571,1,0
4139,22629,1,0
4140,22758,1,0
4141,22783,1,0
4142,22788,1,0
4143,22793,1,0
4144,22794,1,0
4145,22800,1,0
4146,22935,1,0
4147,23018,1,0
4148,23124,1,0
4149,23159,1,0
4150,23183,1,0
4151,23288,1,0
4152,23342,1,1
4153,23356,1,0
4154,23367,1,0
4155,23429,1,0
4156,23615,1,0
4157,23617,1,0
4158,23632,1,0
4159,23730,1,0
4160,23750,1,0
4161,23763,1,0
4162,23812,1,0
4163,23876,1,0
4164,23942,1,0
4165,23998,1,0
4166,24004,1,0
4167,24011,1,0
4168,24033,1,0
4169,24057,1,0
4170,24092,1,1
4171,24096,1,0
4172,24146,1,0
4173,24214,1,0
4174,24217,1,0
4175,24226,1,1
4176,24290,1,0
4177,24313,1,0
4178,24334,1,0
4179,24387,1,0
4180,24448,1,0
4181,24471,1,0
4182,24504,1,0
4183,24543,1,0
4184,24578,1,0
4185,24688,1,0
4186,24732,1,0
4187,24736,1,1
4188,24806,1,0
4189,24881,1,0
4190,24983,1,0
4191,25001,1,0
4192,25018,1,0
4193,25040,1,0
4194,25053,1,0
4195,25240,1,0
4196,25249,1,0
4197,25261,1,0
4198,25263,1,0
4199,25338,1,0
4200,25353,1,0
4201,25397,1,0
4202,25404,1,0
4203,25440,1,0
4204,25462,1,0
4205,25467,1,0
4206,25474,1,0
4207,25475,1,0
4208,25488,1,1
4209,25524,1,0
4210,25554,1,0
4211,25572,1,1
4212,25624,1,1
4213,25663,1,0
4214,25685,1,0
4215,25788,1,0
4216,25803,1,0
4217,25939,1,0
4218,25989,1,0
4219,26084,1,1
4220,26104,1,0
4221,26145,1,0
4222,26180,1,0
4223,26184,1,0
4224,26209,1,0
4225,26249,1,0
4226,26287,1,0
4227,26293,1,0
4228,26307,1,0
4229,26386,1,0
4230,26402,1,0
4231,26443,1,1
4232,26483,1,0
4233,26536,1,0
4234,26537,1,0
4235,26544,1,0
4236,26546,1,0
4237,26571,1,0
4238,26586,1,0
4239,26588,1,0
4240,26662,1,0
4241,26685,1,0
4242,26773,1,0
4243,26776,1,1
4244,26808,1,0
4245,26930,1,0
4246,26964,1,0
4247,26986,1,0
4248,27006,1,0
4249,27107,1,0
4250,27116,1,1
4251,27131,1,0
4252,27153,1,0
4253,27170,1,0
4254,27176,1,0
4255,27207,1,0
4256,27266,1,0
4257,27285,1,0
4258,27305,1,0
4259,27485,1,0
4260,27640,1,0
4261,27656,1,0
4262,27695,1,0
4263,27729,1,0
4264,27773,1,0
4265,27811,1,0
4266,27849,1,0
4267,27900,1,0
4268,27955,1,0
4269,27962,1,1
4270,28010,1,0
4271,28012,1,0
4272,28040,1,0
4273,28079,1,0
4274,28113,1,0
4275,28174,1,0
4276,28238,1,0
4277,28269,1,0
4278,28319,1,0
4279,28339,1,0
4280,28370,1,0
4281,28403,1,0
4282,28404,1,0
4283,28435,1,0
4284,28497,1,1
4285,28501,1,0
4286,28530,1,0
4287,28536,1,0
4288,28605,1,1
4289,28661,1,0
4290,28738,1,0
4291,28778,1,0
4292,28837,1,0
4293,28909,1,0
4294,28944,1,0
4295,28956,1,0
4296,28980,1,0
4297,29147,1,0
4298,29210,1,0
4299,29291,1,0
4300,29342,1,0
4301,29480,1,0
4302,29524,1,0
4303,29624,1,0
4304,29933,1,0
4305,30357,1,0
4306,30382,1,0
4307,30410,1,0
4308,30463,1,1
4309,30545,1,0
4310,30615,1,0
4311,30620,1,0
4312,30630,1,0
4313,30699,1,0
4314,30891,1,0
4315,30947,1,0
4316,31037,1,0
4317,31102,1,0
4318,31121,1,0
4319,31195,1,0
4320,31196,1,0
4321,31211,1,0
4322,31341,1,0
4323,31357,1,0
4324,31377,1,0
4325,31428,1,0
4326,31432,1,0
4327,31450,1,0
4328,31484,1,0
4329,31488,1,0
4330,31632,1,0
4331,31731,1,0
4332,31746,1,0
4333,31767,1,0
4334,31770,1,0
4335,31788,1,0
4336,31875,1,0
4337,31882,1,1
4338,31957,1,0
4339,32034,1,0
4340,32292,1,0
4341,32293,1,0
4342,32310,1,0
4343,32348,1,0
4344,32829,1,0
4345,32855,1,0
4346,32862,1,1
4347,32921,1,0
4348,33119,1,0
4349,33201,1,0
4350,33227,1,0
4351,33344,1,0
4352,33417,1,0
4353,33504,1,0
4354,33841,1,0
4355,33918,1,0
4356,33934,1,0
4357,34008,1,0
4358,34052,1,0
4359,34086,1,0
4360,34145,1,0
4361,34160,1,0
4362,34279,1,0
4363,34290,1,0
4364,34368,1,0
4365,34505,1,0
4366,34705,1,0
4367,34770,1,0
4368,34824,1,0
4369,34826,1,0
4370,35016,1,0
4371,35172,1,1
4372,35212,1,0
4373,35412,1,0
4374,35481,1,1
4375,35525,1,0
4376,35647,1,0
4377,35755,1,0
4378,35922,1,0
4379,35987,1,0
4380,36016,1,0
4381,36147,1,0
4382,36228,1,0
4383,36339,1,1
4384,36397,1,0
4385,36462,1,0
4386,36617,1,0
4387,36859,1,0
4388,36882,1,0
4389,36983,1,0
4390,37030,1,0
4391,37290,1,0
4392,37331,1,0
4393,37426,1,0
4394,37754,1,0
4395,37759,1,0
4396,38108,1,0
4397,38593,1,0
4398,38614,1,0
4399,38654,1,0
4400,38710,1,0
4401,38732,1,0
4402,38734,1,0
4403,38940,1,1
4404,38948,1,0
4405,38978,1,0
4406,39001,1,0
4407,39268,1,0
4408,39323,1,1
4409,39337,1,0
4410,39757,1,1
4411,39772,1,0
4412,39788,1,0
4413,39817,2,0
4414,39928,1,0
4415,40229,1,0
4416,40272,1,0
4417,40277,1,0
4418,40317,1,0
4419,41221,1,0
4420,41283,1,0
4421,41439,1,0
4422,41507,1,0
4423,41511,1,0
4424,41521,1,0
4425,41561,1,0
4426,41576,1,0
4427,41687,1,0
4428,41844,1,0
4429,41862,1,0
4430,41889,1,0
4431,42346,1,0
4432,42964,1,0
4433,43038,1,0
4434,43081,1,0
4435,43499,1,0
4436,43878,1,0
4437,43904,1,0
4438,44115,1,0
4439,44220,1,0
4440,44279,1,0
4441,44856,1,0
4442,44869,1,0
4443,44965,1,0
4444,45006,1,0
4445,45142,1,1
4446,45427,1,0
4447,45795,1,0
4448,45917,1,0
4449,46136,1,0
4450,46178,1,1
4451,46596,1,0
4452,47003,1,0
4453,47112,1,0
4454,47272,1,0
4455,47612,1,0
4456,47638,1,0
4457,47820,1,1
4458,47945,1,0
4459,47960,1,0
4460,48245,1,1
4461,48348,1,0
4462,48425,1,0
4463,48548,1,1
4464,48662,1,0
4465,48736,1,0
4466,48967,1,0
4467,49121,1,0
4468,49549,1,0
4469,49657,1,0
4470,49710,1,0
4471,49725,1,0
4472,50003,1,0
4473,50098,1,0
4474,50731,1,0
4475,50832,1,0
4476,50867,1,0
4477,51165,1,0
4478,51167,1,0
4479,51240,1,0
4480,51242,1,0
4481,51292,1,0
4482,51664,1,0
4483,51832,1,0
4484,51925,1,0
4485,51949,1,0
4486,52004,1,0
4487,52163,1,0
4488,52534,1,0
4489,52543,1,0
4490,52589,1,1
4491,52689,1,0
4492,52799,1,0
4493,53568,1,0
4494,53782,1,0
4495,53939,1,0
4496,54071,1,0
4497,54171,1,0
4498,54219,1,0
4499,54895,1,0
4500,55624,1,0
4501,55768,1,0
4502,55927,1,0
4503,55987,1,0
4504,56504,1,0
4505,56672,1,0
4506,56944,1,0
4507,56983,1,0
4508,57073,1,0
4509,57126,1,0
4510,57270,1,0
4511,57283,1,0
4512,57550,1,0
4513,57656,1,0
4514,57832,1,0
4515,58329,1,0
4516,58368,1,0
4517,59238,1,0
4518,59255,1,0
4519,59536,1,0
4520,59725,1,0
4521,60105,1,0
4522,60106,1,0
4523,60411,1,0
4524,60439,1,0
4525,60717,1,0
4526,60910,1,0
4527,61162,1,0
4528,61168,1,0
4529,61507,1,0
4530,61660,1,1
4531,61890,1,0
4532,62493,1,0
4533,64160,1,0
4534,64239,1,0
4535,64979,1,0
4536,65068,1,0
4537,65172,1,0
4538,65420,1,0
4539,65501,1,0
4540,65530,1,0
4541,65534,5,1
4542,65535,94,10
